ID,begin_time,end_time,annotation,head_x,head_y,besteck_1,besteck_1_x,besteck_1_y,teller_flach_1,teller_flach_1_x,teller_flach_1_y,teller_tief_1,teller_tief_1_x,teller_tief_1_y,glas_1,glas_1_x,glas_1_y,schale_1,schale_1_x,schale_1_y,besteck_2,besteck_2_x,besteck_2_y,teller_flach_2,teller_flach_1_x,teller_flach_1_y,teller_tief_2,teller_tief_2_x,teller_tief_2_y,glas_2,glas_2_x,glas_2_y,schale_2,schale_2_x,schale_2_y,besteck_3,besteck_3_x,besteck_3_y,teller_flach_3,teller_flach_3_x,teller_flach_3_y,teller_tief_3,teller_tief_3_x,teller_tief_3_y,glas_3,glas_3_x,glas_3_y,schale_3,schale_3_x,schale_3_y,geschirrspuehler_x,geschirrspuehler_y
k01,0,2,offnen_geschirrspuler,2,4,0,4,3,0,4,3,0,4,3,0,4,3,0,5,3,0,4,3,0,4,3,0,4,3,0,4,3,0,4,3,0,4,2,0,4,2,0,4,2,0,4,2,0,4,2,1.5,4.5
k01,2,4,offnen_tellerSchublade,2,4,0,4,3,0,4,3,0,4,3,0,4,3,0,5,3,0,4,3,0,4,3,0,4,3,0,4,3,0,4,3,0,4,2,0,4,2,0,4,2,0,4,2,0,4,2,1.5,4.5
k01,5,14,nehmen_objekte,3,4,1,2,4,0,4,3,0,4,3,0,4,3,0,5,3,0,2,4,0,4,3,0,4,3,0,4,3,0,4,3,0,4,2,0,4,2,0,4,2,0,4,2,0,4,2,1.5,4.5
k01,15,16,offnen_besteckSchublade,2,4,0,2,4,0,4,3,0,4,3,0,4,3,0,5,3,0,2,4,0,4,3,0,4,3,0,4,3,0,4,3,0,4,2,0,4,2,0,4,2,0,4,2,0,4,2,1.5,4.5
k01,17,18,fullen_geschirrspuler,2,4,1,2,4,0,4,3,0,4,3,0,4,3,0,5,3,0,2,4,0,4,3,0,4,3,0,4,3,0,4,3,0,4,2,0,4,2,0,4,2,0,4,2,0,4,2,1.5,4.5
k01,19,26,nehmen_objekte,3,4,0,2,4,0,4,3,0,4,3,0,4,3,0,5,3,0,2,4,0,4,3,0,4,3,0,4,3,0,4,3,1,2,4,0,4,2,0,4,2,0,4,2,0,4,2,1.5,4.5
k01,27,27,fullen_geschirrspuler,2,4,0,2,4,0,4,3,0,4,3,0,4,3,0,5,3,0,2,4,0,4,3,0,4,3,0,4,3,0,4,3,1,2,4,0,4,2,0,4,2,0,4,2,0,4,2,1.5,4.5
k01,28,28,schliessen_besteckSchublade,2,4,0,1,4,0,4,3,0,4,3,0,4,3,0,5,3,1,1,4,0,4,3,0,4,3,0,4,3,0,4,3,0,1,4,0,4,2,0,4,2,0,4,2,0,4,2,1.5,4.5
k01,29,30,offnen_glasSchublade,2,4,0,1,4,0,4,3,0,4,3,0,4,3,0,5,3,0,1,4,0,4,3,0,4,3,0,4,3,0,4,3,0,1,4,0,4,2,0,4,2,0,4,2,0,4,2,1.5,4.5
k01,31,35,nehmen_objekte,3,4,0,1,4,0,4,3,0,4,3,1,2,4,0,5,3,1,1,4,0,4,3,0,4,3,1,2,4,1,2,4,0,1,4,0,4,2,0,4,2,1,2,4,0,4,2,1.5,4.5
k01,36,40,fullen_geschirrspuler,2,4,0,1,4,0,4,3,0,4,3,1,2,4,0,5,3,0,1,4,0,4,3,0,4,3,1,2,4,1,2,4,0,1,4,0,4,2,0,4,2,1,2,4,0,4,2,1.5,4.5
k01,41,46,nehmen_objekte,3,4,0,1,4,0,4,3,0,4,3,0,2,4,1,2,4,0,1,4,0,4,3,0,4,3,0,2,4,0,2,4,0,1,4,0,4,2,0,4,2,0,2,4,1,2,4,1.5,4.5
k01,47,52,fullen_geschirrspuler,2,4,0,1,4,0,4,3,0,4,3,0,2,4,1,2,4,0,1,4,0,4,3,0,4,3,0,2,4,0,2,4,0,1,4,0,4,2,0,4,2,0,2,4,1,2,4,1.5,4.5
k01,53,53,schliessen_glasSchublade,2,4,0,1,4,0,4,3,0,4,3,0,1,4,0,1,4,0,1,4,0,4,3,0,4,3,0,1,4,0,1,4,0,1,4,0,4,2,0,4,2,0,1,4,0,1,4,1.5,4.5
k01,54,61,nehmen_objekte,3,4,0,1,4,1,4,3,1,2,4,0,1,4,0,1,4,0,1,4,0,4,3,1,2,4,0,1,4,0,1,4,0,1,4,0,4,2,1,2,4,0,1,4,0,1,4,1.5,4.5
k01,62,66,fullen_geschirrspuler,2,4,0,1,4,1,4,2,1,4,4,0,1,4,0,1,4,0,1,4,0,4,3,1,2,4,0,1,4,0,1,4,0,1,4,0,4,2,1,2,4,0,1,4,0,1,4,1.5,4.5
k01,66,70,nehmen_objekte,3,4,0,1,4,0,4,2,0,4,4,0,1,4,0,1,4,0,1,4,1,2,4,0,2,4,0,1,4,0,1,4,0,1,4,1,2,4,0,2,4,0,1,4,0,1,4,1.5,4.5
k01,70,72,fullen_geschirrspuler,2,4,0,1,4,0,4,2,0,4,4,0,1,4,0,1,4,0,1,4,1,2,4,0,2,4,0,1,4,0,1,4,0,1,4,1,2,4,0,2,4,0,1,4,0,1,4,1.5,4.5
k01,72,72,schliessen_tellerSchublade,2,4,0,1,4,0,4,1,0,4,4,0,1,4,0,1,4,0,1,4,0,1,4,0,1,4,0,1,4,0,1,4,0,1,4,0,1,4,0,1,4,0,1,4,0,1,4,1.5,4.5
k01,73,73,schliessen_geschirrspuler,2,4,0,1,4,0,4,1,0,4,4,0,1,4,0,1,4,0,1,4,0,1,4,0,1,4,0,1,4,0,1,4,0,1,4,0,1,4,0,1,4,0,1,4,0,1,4,1.5,4.5
k04,0,0,start,3.5,3,0,4.5,4.2,0,4.5,4.2,0,5.5,4.2,0,3.2,4.5,0,3.9,4.5,0,3.2,3,0,4.5,3,0,4.7,2.7,0,4.7,3,0,2.1,4.1,0,5.2,2,0,4.1,2.1,0,5.2,2,0,4.5,2.1,0,4.8,3.9,1.5,4.5
k04,0,5,nehmen_objekte,3.5,3,0,4.5,4.2,0,4.5,4.2,0,5.5,4.2,0,3.2,4.5,0,3.9,4.5,1,2.5,4.5,0,4.5,3,0,4.7,2.7,0,4.7,3,1,2.5,4.5,1,2.5,2.5,1,2.5,4.5,0,5.2,2,0,4.5,2.1,0,4.8,3.9,1.5,4.5
k04,6,6,offnen_geschirrspuler,2.5,4.5,0,4.5,4.2,0,4.5,4.2,0,5.5,4.2,0,3.2,4.5,0,3.9,4.5,0,2.5,4.5,0,4.5,3,0,4.7,2.7,0,4.7,3,0,2.5,4.5,0,2.5,2.5,0,2.5,4.5,0,5.2,2,0,4.5,2.1,0,4.8,3.9,1.5,4.5
k04,7,10,offnen_besteckSchublade,2.5,4.5,0,4.5,4.2,0,4.5,4.2,0,5.5,4.2,0,3.2,4.5,0,3.9,4.5,0,2.5,4.5,0,4.5,3,0,4.7,2.7,0,4.7,3,0,2.5,4.5,0,2.5,2.5,0,2.5,4.5,0,5.2,2,0,4.5,2.1,0,4.8,3.9,1.5,4.5
k04,11,18,fullen_geschirrspuler,2.5,4.5,0,4.5,4.2,0,4.5,4.2,0,5.5,4.2,0,3.2,4.5,0,3.9,4.5,1,2.5,4.5,0,4.5,3,0,4.7,2.7,0,4.7,3,1,2.5,4.5,1,2.5,2.5,1,2.5,4.5,0,5.2,2,0,4.5,2.1,0,4.8,3.9,1.5,4.5
k04,19,19,schliessen_besteckSchublade,2.5,4.5,0,4.5,4.2,0,4.5,4.2,0,5.5,4.2,0,3.2,4.5,0,3.9,4.5,0,1.5,4.5,0,4.5,3,0,4.7,2.7,0,4.7,3,0,2.5,4.5,0,1.5,4.5,0,2.5,4.5,0,5.2,2,0,4.5,2.1,0,4.8,3.9,1.5,4.5
k04,20,23,offnen_tellerSchublade,2.5,4.3,0,4.5,4.2,0,4.5,4.2,0,5.5,4.2,0,3.2,4.5,0,3.9,4.5,0,1.5,4.5,0,4.5,3,0,4.7,2.7,0,4.7,3,0,2.5,4.5,0,1.5,4.5,0,2.5,4.5,0,5.2,2,0,4.5,2.1,0,4.8,3.9,1.5,4.5
k04,24,27,fullen_geschirrspuler,2.5,4.5,0,4.5,4.2,0,4.5,4.2,0,5.5,4.2,0,3.2,4.5,0,3.9,4.5,0,1.5,4.5,0,4.5,3,0,4.7,2.7,0,4.7,3,0,2.5,4.5,0,1.5,4.5,0,2.5,4.5,0,5.2,2,0,4.5,2.1,0,4.8,3.9,1.5,4.5
k04,18,29,nehmen_objekte,3.5,3.2,1,2.5,4.5,0,4.5,4.2,0,5.5,4.2,0,3.2,4.5,1,2.5,4.5,0,1.5,4.5,0,4.5,3,0,4.7,2.7,0,4.7,3,0,2.5,4.5,0,1.5,4.5,0,2.5,4.5,0,5.2,2,0,4.5,2.1,1,2.5,4.5,1.5,4.5
k04,30,35,fullen_geschirrspuler,2.5,4.5,1,2.5,4.5,0,4.5,4.2,0,5.5,4.2,0,3.2,4.5,1,2.5,4.5,0,1.5,4.5,0,4.5,3,0,4.7,2.7,0,4.7,3,0,2.5,4.5,0,1.5,4.5,0,2.5,4.5,0,5.2,2,0,4.5,2.1,1,2.5,4.5,1.5,4.5
k04,36,36,offnen_besteckSchublade,2.5,4.5,0,2.5,4.5,0,4.5,4.2,0,5.5,4.2,0,3.2,4.5,0,2.5,4.5,0,1.5,4.5,0,4.5,3,0,4.7,2.7,0,4.7,3,0,2.5,4.5,0,1.5,4.5,0,2.5,4.5,0,5.2,2,0,4.5,2.1,0,2.5,4.5,1.5,4.5
k04,37,42,fullen_geschirrspuler,2.5,4.5,0,2.5,4.5,0,4.5,4.2,0,5.5,4.2,0,3.2,4.5,0,2.5,4.5,0,1.5,4.5,0,4.5,3,0,4.7,2.7,0,4.7,3,0,2.5,4.5,0,1.5,4.5,0,2.5,4.5,0,5.2,2,0,4.5,2.1,0,2.5,4.5,1.5,4.5
k04,43,43,schliessen_besteckSchublade,2.5,4.5,0,1.5,4.5,0,4.5,4.2,0,5.5,4.2,0,3.2,4.5,0,2.5,4.5,0,1.5,4.5,0,4.5,3,0,4.7,2.7,0,4.7,3,0,2.5,4.5,0,1.5,4.5,0,2.5,4.5,0,5.2,2,0,4.5,2.1,0,2.5,4.5,1.5,4.5
k04,44,55,nehmen_objekte,3.5,3.2,0,1.5,4.5,0,4.5,4.2,0,5.5,4.2,1,2.5,4.5,0,2.5,4.5,0,1.5,4.5,0,4.5,3,0,4.7,2.7,1,2.5,4.5,0,2.5,4.5,0,1.5,4.5,0,2.5,4.5,0,5.2,2,1,2.5,4.5,0,2.5,4.5,1.5,4.5
k04,56,56,offnen_glasSchublade,2.5,4.5,0,1.5,4.5,0,4.5,4.2,0,5.5,4.2,0,2.5,4.5,0,2.5,4.5,0,1.5,4.5,0,4.5,3,0,4.7,2.7,0,2.5,4.5,0,2.5,4.5,0,1.5,4.5,0,2.5,4.5,0,5.2,2,0,2.5,4.5,0,2.5,4.5,1.5,4.5
k04,57,64,fullen_geschirrspuler,2.5,4.5,0,1.5,4.5,0,4.5,4.2,0,5.5,4.2,1,1.5,4.5,0,2.5,4.5,0,1.5,4.5,0,4.5,3,0,4.7,2.7,1,1.5,4.5,0,2.5,4.5,0,1.5,4.5,0,2.5,4.5,0,5.2,2,1,1.5,4.5,0,2.5,4.5,1.5,4.5
k04,65,67,schliessen_glasSchublade,2.5,4.5,0,1.5,4.5,0,4.5,4.2,0,5.5,4.2,0,1.5,4.5,0,2.5,4.5,0,1.5,4.5,0,4.5,3,0,4.7,2.7,0,1.5,4.5,0,2.5,4.5,0,1.5,4.5,0,2.5,4.5,0,5.2,2,0,1.5,4.5,0,2.5,4.5,1.5,4.5
k04,68,78,nehmen_objekte,3.5,3.2,0,1.5,4.5,0,4.5,4.2,1,2.5,4.5,0,1.5,4.5,0,2.5,4.5,0,1.5,4.5,0,4.5,3,1,2.5,4.5,0,1.5,4.5,0,2.5,4.5,0,1.5,4.5,0,2.5,4.5,1,2.5,4.5,0,1.5,4.5,0,2.5,4.5,1.5,4.5
k04,79,87,fullen_geschirrspuler,2.5,4.5,0,1.5,4.5,0,4.5,4.2,1,2.5,4.5,0,1.5,4.5,0,2.5,4.5,0,1.5,4.5,0,4.5,3,1,2.5,4.5,0,1.5,4.5,0,2.5,4.5,0,1.5,4.5,0,2.5,4.5,1,2.5,4.5,0,1.5,4.5,0,2.5,4.5,1.5,4.5
k04,88,94,nehmen_objekte,3.5,3.2,0,1.5,4.5,1,2.5,4.5,0,2.5,4.5,0,1.5,4.5,0,2.5,4.5,0,1.5,4.5,1,2.5,4.5,0,2.5,4.5,0,1.5,4.5,0,2.5,4.5,0,1.5,4.5,0,2.5,4.5,0,2.5,4.5,0,1.5,4.5,0,2.5,4.5,1.5,4.5
k04,95,96,fullen_geschirrspuler,2.5,4.5,0,1.5,4.5,1,2.5,4.5,0,2.5,4.5,0,1.5,4.5,0,2.5,4.5,0,1.5,4.5,1,2.5,4.5,0,2.5,4.5,0,1.5,4.5,0,2.5,4.5,0,1.5,4.5,0,2.5,4.5,0,2.5,4.5,0,1.5,4.5,0,2.5,4.5,1.5,4.5
k04,97,97,schliessen_tellerSchublade,2.5,4.5,0,1.5,4.5,0,1.5,4.5,0,1.5,4.5,0,1.5,4.5,0,1.5,4.5,0,1.5,4.5,0,1.5,4.5,0,1.5,4.5,0,1.5,4.5,0,1.5,4.5,0,1.5,4.5,0,1.5,4.5,0,1.5,4.5,0,1.5,4.5,0,1.5,4.5,1.5,4.5
k04,98,98,schliessen_geschirrspuler,2.5,4.5,0,1.5,4.5,0,1.5,4.5,0,1.5,4.5,0,1.5,4.5,0,1.5,4.5,0,1.5,4.5,0,1.5,4.5,0,1.5,4.5,0,1.5,4.5,0,1.5,4.5,0,1.5,4.5,0,1.5,4.5,0,1.5,4.5,0,1.5,4.5,0,1.5,4.5,1.5,4.5
k06,0,0,start,2.5,4.5,0,5,3.5,0,5,3.5,0,5,3.2,0,5,3.4,0,5.1,3.4,0,4.5,3.3,0,4.5,3.3,0,4.7,3,0,4.7,3.2,0,4.7,3.7,0,4.5,2.2,0,4.5,2.2,0,4.8,2,0,4.9,2.1,0,4.5,2.2,1.5,4.5
k06,0,1,offnen_geschirrspuler,2.5,4.5,0,5,3.5,0,5,3.5,0,5,3.2,0,5,3.4,0,5.1,3.4,0,4.5,3.3,0,4.5,3.3,0,4.7,3,0,4.7,3.2,0,4.7,3.7,0,4.5,2.2,0,4.5,2.2,0,4.8,2,0,4.9,2.1,0,4.5,2.2,1.5,4.5
k06,1,1,offnen_tellerSchublade,2.5,4.5,0,5,3.5,0,5,3.5,0,5,3.2,0,5,3.4,0,5.1,3.4,0,4.5,3.3,0,4.5,3.3,0,4.7,3,0,4.7,3.2,0,4.7,3.7,0,4.5,2.2,0,4.5,2.2,0,4.8,2,0,4.9,2.1,0,4.5,2.2,1.5,4.5
k06,2,18,nehmen_objekte,4.2,4,1,2.5,4.5,0,5,3.5,0,5,3.2,0,5,3.4,0,5.1,3.4,1,2.5,4.5,0,4.5,3.3,0,4.7,3,0,4.7,3.2,0,4.7,3.7,1,2.5,4.5,0,4.5,2.2,0,4.8,2,0,4.9,2.1,0,4.5,2.2,1.5,4.5
k06,19,19,offnen_besteckSchublade,2.5,4.5,0,2.5,4.5,0,5,3.5,0,5,3.2,0,5,3.4,0,5.1,3.4,0,2.5,4.5,0,4.5,3.3,0,4.7,3,0,4.7,3.2,0,4.7,3.7,0,2.5,4.5,0,4.5,2.2,0,4.8,2,0,4.9,2.1,0,4.5,2.2,1.5,4.5
k06,20,28,fullen_geschirrspuler,2.5,4.5,1,2.5,4.5,0,5,3.5,0,5,3.2,0,5,3.4,0,5.1,3.4,1,2.5,4.5,0,4.5,3.3,0,4.7,3,0,4.7,3.2,0,4.7,3.7,1,2.5,4.5,0,4.5,2.2,0,4.8,2,0,4.9,2.1,0,4.5,2.2,1.5,4.5
k06,29,29,schliessen_besteckSchublade,2.5,4.5,0,1.5,4.5,0,5,3.5,0,5,3.2,0,5,3.4,0,5.1,3.4,0,1.5,4.5,0,4.5,3.3,0,4.7,3,0,4.7,3.2,0,4.7,3.7,0,1.5,4.5,0,4.5,2.2,0,4.8,2,0,4.9,2.1,0,4.5,2.2,1.5,4.5
k06,30,39,nehmen_objekte,4.2,4,0,1.5,4.5,1,2.5,4.5,0,5,3.2,0,5,3.4,0,5.1,3.4,0,1.5,4.5,1,2.5,4.5,0,4.7,3,0,4.7,3.2,0,4.7,3.7,0,1.5,4.5,1,2.5,4.5,0,4.8,2,0,4.9,2.1,1,5,3,1.5,4.5
k06,40,44,fullen_geschirrspuler,2.5,4.5,0,1.5,4.5,1,2.5,4.5,0,5,3.2,0,5,3.4,0,5.1,3.4,0,1.5,4.5,1,2.5,4.5,0,4.7,3,0,4.7,3.2,0,4.7,3.7,0,1.5,4.5,1,2.5,4.5,0,4.8,2,0,4.9,2.1,0,5,3,1.5,4.5
k06,45,52,nehmen_objekte,4.2,4,0,1.5,4.5,0,2.5,4.5,1,2.5,4.5,0,5,3.4,0,5.1,3.4,0,1.5,4.5,0,2.5,4.5,1,2.5,4.5,0,4.7,3.2,0,4.7,3.7,0,1.5,4.5,0,2.5,4.5,1,2.5,4.5,0,4.9,2.1,0,5,3,1.5,4.5
k06,53,58,fullen_geschirrspuler,2.5,4.5,0,1.5,4.5,0,2.5,4.5,1,2.5,4.5,0,5,3.4,0,5.1,3.4,0,1.5,4.5,0,2.5,4.5,1,2.5,4.5,0,4.7,3.2,0,4.7,3.7,0,1.5,4.5,0,2.5,4.5,1,2.5,4.5,0,4.9,2.1,0,5,3,1.5,4.5
k06,59,59,schliessen_tellerSchublade,2.5,4.5,0,1.5,4.5,0,1.5,4.5,0,1.5,4.5,0,5,3.4,0,5.1,3.4,0,1.5,4.5,0,1.5,4.5,0,1.5,4.5,0,4.7,3.2,0,4.7,3.7,0,1.5,4.5,0,1.5,4.5,0,2.5,4.5,0,4.9,2.1,0,5,3,1.5,4.5
k06,60,60,offnen_glasSchublade,2.5,4.5,0,1.5,4.5,0,1.5,4.5,0,1.5,4.5,0,5,3.4,0,5.1,3.4,0,1.5,4.5,0,1.5,4.5,0,1.5,4.5,0,4.7,3.2,0,4.7,3.7,0,1.5,4.5,0,1.5,4.5,0,2.5,4.5,0,4.9,2.1,0,5,3,1.5,4.5
k06,61,68,nehmen_objekte,4.2,4,0,1.5,4.5,0,1.5,4.5,0,1.5,4.5,0,5,3.4,1,2.5,4.5,0,1.5,4.5,0,1.5,4.5,0,1.5,4.5,0,4.7,3.2,1,2.5,4.5,0,1.5,4.5,0,1.5,4.5,0,2.5,4.5,0,4.9,2.1,1,2.5,4.5,1.5,4.5
k06,69,71,fullen_geschirrspuler,2.5,4.5,0,1.5,4.5,0,1.5,4.5,0,1.5,4.5,0,5,3.4,1,2.5,4.5,0,1.5,4.5,0,1.5,4.5,0,1.5,4.5,0,4.7,3.2,1,2.5,4.5,0,1.5,4.5,0,1.5,4.5,0,2.5,4.5,0,4.9,2.1,1,2.5,4.5,1.5,4.5
k06,72,78,nehmen_objekte,4.2,4,0,1.5,4.5,0,1.5,4.5,0,1.5,4.5,1,2.5,4.5,0,2.5,4.5,0,1.5,4.5,0,1.5,4.5,0,1.5,4.5,1,2.5,4.5,0,2.5,4.5,0,1.5,4.5,0,1.5,4.5,0,2.5,4.5,1,2.5,4.5,0,2.5,4.5,1.5,4.5
k06,79,81,fullen_geschirrspuler,2.5,4.5,0,1.5,4.5,0,1.5,4.5,0,1.5,4.5,1,2.5,4.5,0,2.5,4.5,0,1.5,4.5,0,1.5,4.5,0,1.5,4.5,1,2.5,4.5,0,2.5,4.5,0,1.5,4.5,0,1.5,4.5,0,2.5,4.5,1,2.5,4.5,0,2.5,4.5,1.5,4.5
k06,82,82,schliessen_glasSchublade,2.5,4.5,0,1.5,4.5,0,1.5,4.5,0,1.5,4.5,0,1.5,4.5,0,1.5,4.5,0,1.5,4.5,0,1.5,4.5,0,1.5,4.5,0,1.5,4.5,0,1.5,4.5,0,1.5,4.5,0,1.5,4.5,0,2.5,4.5,0,1.5,4.5,0,1.5,4.5,1.5,4.5
k06,83,84,schliessen_geschirrspuler,2.5,4.5,0,1.5,4.5,0,1.5,4.5,0,1.5,4.5,0,1.5,4.5,0,1.5,4.5,0,1.5,4.5,0,1.5,4.5,0,1.5,4.5,0,1.5,4.5,0,1.5,4.5,0,1.5,4.5,0,1.5,4.5,0,2.5,4.5,0,1.5,4.5,0,1.5,4.5,1.5,4.5
k08,0,0,start,2.5,4.5,0,5,3.7,0,5,3.7,0,5.4,3.5,0,3.6,4.9,0,5.5,3.7,0,4.5,3.1,0,4.5,3.1,0,5,3.1,0,3,4.7,0,5,2.9,0,4.5,2.4,0,4.5,2.4,0,5,2.4,0,4.7,2.1,0,5,2.9,1.5,4.5
k08,0,3,offnen_geschirrspuler,2.5,4.5,0,5,3.7,0,5,3.7,0,5.4,3.5,0,3.6,4.9,0,5.5,3.7,0,4.5,3.1,0,4.5,3.1,0,5,3.1,0,3,4.7,0,5,2.9,0,4.5,2.4,0,4.5,2.4,0,5,2.4,0,4.7,2.1,0,5,2.9,1.5,4.5
k08,4,4,offnen_tellerSchublade,2.5,4.5,0,5,3.7,0,5,3.7,0,5.4,3.5,0,3.6,4.9,0,5.5,3.7,0,4.5,3.1,0,4.5,3.1,0,5,3.1,0,3,4.7,0,5,2.9,0,4.5,2.4,0,4.5,2.4,0,5,2.4,0,4.7,2.1,0,5,2.9,1.5,4.5
k08,5,9,nehmen_objekte,3.9,2.1,0,5,3.7,0,5,3.7,0,5.4,3.5,0,3.6,4.9,0,5.5,3.7,0,4.5,3.1,0,4.5,3.1,0,5,3.1,0,3,4.7,0,5,2.9,1,2.5,4.5,1,2.5,4.5,0,5,2.4,0,4.7,2.1,0,5,2.9,1.5,4.5
k08,10,13,fullen_geschirrspuler,2.5,4.5,0,5,3.7,0,5,3.7,0,5.4,3.5,0,3.6,4.9,0,5.5,3.7,0,4.5,3.1,0,4.5,3.1,0,5,3.1,0,3,4.7,0,5,2.9,0,2.5,4.5,1,2.5,4.5,0,5,2.4,0,4.7,2.1,0,5,2.9,1.5,4.5
k08,14,14,offnen_besteckSchublade,2.5,4.5,0,5,3.7,0,5,3.7,0,5.4,3.5,0,3.6,4.9,0,5.5,3.7,0,4.5,3.1,0,4.5,3.1,0,5,3.1,0,3,4.7,0,5,2.9,0,2.5,4.5,0,2.5,4.5,0,5,2.4,0,4.7,2.1,0,5,2.9,1.5,4.5
k08,15,16,fullen_geschirrspuler,2.5,4.5,0,5,3.7,0,5,3.7,0,5.4,3.5,0,3.6,4.9,0,5.5,3.7,0,4.5,3.1,0,4.5,3.1,0,5,3.1,0,3,4.7,0,5,2.9,1,2.5,4.5,0,2.5,4.5,0,5,2.4,0,4.7,2.1,0,5,2.9,1.5,4.5
k08,17,17,schliessen_besteckSchublade,2.5,4.5,0,5,3.7,0,5,3.7,0,5.4,3.5,0,3.6,4.9,0,5.5,3.7,0,4.5,3.1,0,4.5,3.1,0,5,3.1,0,3,4.7,0,5,2.9,0,1.5,4.5,0,2.5,4.5,0,5,2.4,0,4.7,2.1,0,5,2.9,1.5,4.5
k08,18,24,nehmen_objekte,3.9,3.5,0,5,3.7,0,5,3.7,0,5.4,3.5,0,3.6,4.9,0,5.5,3.7,1,2.5,4.5,1,2.5,4.5,0,5,3.1,0,3,4.7,0,5,2.9,0,1.5,4.5,0,2.5,4.5,0,5,2.4,0,4.7,2.1,0,5,2.9,1.5,4.5
k08,25,26,fullen_geschirrspuler,2.5,4.5,0,5,3.7,0,5,3.7,0,5.4,3.5,0,3.6,4.9,0,5.5,3.7,1,2.5,4.5,1,2.5,4.5,0,5,3.1,0,3,4.7,0,5,2.9,0,1.5,4.5,0,2.5,4.5,0,5,2.4,0,4.7,2.1,0,5,2.9,1.5,4.5
k08,27,40,nehmen_objekte,3.9,2.9,0,5,3.7,0,5,3.7,0,5.4,3.5,0,3.6,4.9,0,5.5,3.7,0,2.5,4.5,0,2.5,4.5,1,2.5,4.5,0,3,4.7,0,5,2.9,0,1.5,4.5,0,2.5,4.5,1,2.5,4.5,0,4.7,2.1,0,5,2.9,1.5,4.5
k08,41,53,fullen_geschirrspuler,2.5,4.5,0,5,3.7,0,5,3.7,0,5.4,3.5,0,3.6,4.9,0,5.5,3.7,0,2.5,4.5,0,2.5,4.5,1,2.5,4.5,0,3,4.7,0,5,2.9,0,1.5,4.5,0,2.5,4.5,1,2.5,4.5,0,4.7,2.1,0,5,2.9,1.5,4.5
k08,54,57,nehmen_objekte,3.9,3.9,1,2.5,4.5,1,2.5,4.5,0,5.4,3.5,0,3.6,4.9,0,5.5,3.7,0,2.5,4.5,0,2.5,4.5,0,2.5,4.5,0,3,4.7,0,5,2.9,0,1.5,4.5,0,2.5,4.5,0,2.5,4.5,0,4.7,2.1,0,5,2.9,1.5,4.5
k08,58,60,fullen_geschirrspuler,2.5,4.5,1,2.5,4.5,1,2.5,4.5,0,5.4,3.5,0,3.6,4.9,0,5.5,3.7,0,2.5,4.5,0,2.5,4.5,0,2.5,4.5,0,3,4.7,0,5,2.9,0,1.5,4.5,0,2.5,4.5,0,2.5,4.5,0,4.7,2.1,0,5,2.9,1.5,4.5
k08,60,68,nehmen_objekte,3.9,3.9,0,2.5,4.5,0,2.5,4.5,1,2.5,4.5,0,3.6,4.9,0,5.5,3.7,0,2.5,4.5,0,2.5,4.5,0,2.5,4.5,0,3,4.7,0,5,2.9,0,1.5,4.5,0,2.5,4.5,0,2.5,4.5,0,4.7,2.1,0,5,2.9,1.5,4.5
k08,69,69,fullen_geschirrspuler,2.5,4.5,0,2.5,4.5,0,2.5,4.5,1,2.5,4.5,0,3.6,4.9,0,5.5,3.7,0,2.5,4.5,0,2.5,4.5,0,2.5,4.5,0,3,4.7,0,5,2.9,0,1.5,4.5,0,2.5,4.5,0,2.5,4.5,0,4.7,2.1,0,5,2.9,1.5,4.5
k08,70,80,nehmen_objekte,4.5,4.1,0,2.5,4.5,0,2.5,4.5,0,2.5,4.5,0,3.6,4.9,1,2.5,6.1,0,2.5,4.5,0,2.5,4.5,0,2.5,4.5,1,2.5,4.5,1,2.5,4.5,0,1.5,4.5,0,2.5,4.5,0,2.5,4.5,0,4.7,2.1,1,2.5,4.5,1.5,4.5
k08,81,83,fullen_geschirrspuler,2.5,4.5,0,2.5,4.5,0,2.5,4.5,0,2.5,4.5,0,3.6,4.9,0,2.5,6.1,0,2.5,4.5,0,2.5,4.5,0,2.5,4.5,1,2.5,4.5,1,2.5,4.5,0,1.5,4.5,0,2.5,4.5,0,2.5,4.5,0,4.7,2.1,1,2.5,4.5,1.5,4.5
k08,84,84,nehmen_objekte,2.5,5.5,0,2.5,4.5,0,2.5,4.5,0,2.5,4.5,0,3.6,4.9,1,2.5,4.5,0,2.5,4.5,0,2.5,4.5,0,2.5,4.5,0,2.5,4.5,1,2.5,4.5,0,1.5,4.5,0,2.5,4.5,0,2.5,4.5,0,4.7,2.1,0,2.5,4.5,1.5,4.5
k08,85,88,fullen_geschirrspuler,2.5,4.5,0,2.5,4.5,0,2.5,4.5,0,2.5,4.5,0,3.6,4.9,1,2.5,4.5,0,2.5,4.5,0,2.5,4.5,0,2.5,4.5,0,2.5,4.5,1,2.5,4.5,0,1.5,4.5,0,2.5,4.5,0,2.5,4.5,0,4.7,2.1,0,2.5,4.5,1.5,4.5
k08,89,94,nehmen_objekte,3.9,4.1,0,2.5,4.5,0,2.5,4.5,0,2.5,4.5,1,2.5,4.5,0,2.5,4.5,0,2.5,4.5,0,2.5,4.5,0,2.5,4.5,1,2.5,4.5,1,2.5,4.5,0,1.5,4.5,0,2.5,4.5,0,2.5,4.5,0,4.7,2.1,0,2.5,4.5,1.5,4.5
k08,95,96,schliessen_tellerSchublade,2.5,4.5,0,1.5,4.5,0,1.5,4.5,0,1.5,4.5,0,2.5,4.5,0,1.5,4.5,0,1.5,4.5,0,1.5,4.5,0,1.5,4.5,0,2.5,4.5,0,1.5,4.5,0,1.5,4.5,0,1.5,4.5,0,1.5,4.5,0,4.7,2.1,0,1.5,4.5,1.5,4.5
k08,97,99,offnen_glasSchublade,2.5,4.5,0,1.5,4.5,0,1.5,4.5,0,1.5,4.5,0,2.5,4.5,0,1.5,4.5,0,1.5,4.5,0,1.5,4.5,0,1.5,4.5,0,2.5,4.5,0,1.5,4.5,0,1.5,4.5,0,1.5,4.5,0,1.5,4.5,0,4.7,2.1,0,1.5,4.5,1.5,4.5
k08,100,100,fullen_geschirrspuler,2.5,4.5,0,1.5,4.5,0,1.5,4.5,0,1.5,4.5,1,2.5,4.5,0,1.5,4.5,0,1.5,4.5,0,1.5,4.5,0,1.5,4.5,1,2.5,4.5,0,1.5,4.5,0,1.5,4.5,0,1.5,4.5,0,1.5,4.5,0,4.7,2.1,0,1.5,4.5,1.5,4.5
k08,100,106,nehmen_objekte,3.9,3,0,1.5,4.5,0,1.5,4.5,0,1.5,4.5,0,2.5,4.5,0,1.5,4.5,0,1.5,4.5,0,1.5,4.5,0,1.5,4.5,0,2.5,4.5,0,1.5,4.5,0,1.5,4.5,0,1.5,4.5,0,1.5,4.5,1,2.5,4.5,0,1.5,4.5,1.5,4.5
k08,107,108,fullen_geschirrspuler,2.5,4.5,0,1.5,4.5,0,1.5,4.5,0,1.5,4.5,0,2.5,4.5,0,1.5,4.5,0,1.5,4.5,0,1.5,4.5,0,1.5,4.5,0,2.5,4.5,0,1.5,4.5,0,1.5,4.5,0,1.5,4.5,0,1.5,4.5,1,2.5,4.5,0,1.5,4.5,1.5,4.5
k08,109,109,schliessen_glasSchublade,2.5,4.5,0,1.5,4.5,0,1.5,4.5,0,1.5,4.5,0,1.5,4.5,0,1.5,4.5,0,1.5,4.5,0,1.5,4.5,0,1.5,4.5,0,1.5,4.5,0,1.5,4.5,0,1.5,4.5,0,1.5,4.5,0,1.5,4.5,0,1.5,4.5,0,1.5,4.5,1.5,4.5
k08,110,110,schliessen_geschirrspuler,2.5,4.5,0,1.5,4.5,0,1.5,4.5,0,1.5,4.5,0,1.5,4.5,0,1.5,4.5,0,1.5,4.5,0,1.5,4.5,0,1.5,4.5,0,1.5,4.5,0,1.5,4.5,0,1.5,4.5,0,1.5,4.5,0,1.5,4.5,0,1.5,4.5,0,1.5,4.5,1.5,4.5
k11,0,0,start,2.5,4.5,0,5,3.6,0,5,3.6,0,5.5,3.6,0,5,3.7,0,5.1,3.7,0,4.5,3.2,0,4.5,3.2,0,4.5,3.7,0,4.6,3,0,4.9,3.7,0,4.5,2.4,0,4.5,2.4,0,5,2.1,0,4.7,2.2,0,4.5,2.4,1.5,4.5
k11,0,2,offnen_geschirrspuler,2.5,4.5,0,5,3.6,0,5,3.6,0,5.5,3.6,0,5,3.7,0,5.1,3.7,0,4.5,3.2,0,4.5,3.2,0,4.5,3.7,0,4.6,3,0,4.9,3.7,0,4.5,2.4,0,4.5,2.4,0,5,2.1,0,4.7,2.2,0,4.5,2.4,1.5,4.5
k11,2,4,offnen_glasSchublade,2.5,4.5,0,5,3.6,0,5,3.6,0,5.5,3.6,0,5,3.7,0,5.1,3.7,0,4.5,3.2,0,4.5,3.2,0,4.5,3.7,0,4.6,3,0,4.9,3.7,0,4.5,2.4,0,4.5,2.4,0,5,2.1,0,4.7,2.2,0,4.5,2.4,1.5,4.5
k11,5,14,nehmen_objekte,3.9,4.1,1,2.5,4.5,0,5,3.6,0,5.5,3.6,0,5,3.7,0,5.1,3.7,1,2.5,4.5,0,4.5,3.2,0,4.5,3.7,0,4.6,3,0,4.9,3.7,0,4.5,2.4,0,4.5,2.4,0,5,2.1,0,4.7,2.2,0,4.5,2.4,1.5,4.5
k11,15,15,offnen_besteckSchublade,2.5,4.5,0,2.5,4.5,0,5,3.6,0,5.5,3.6,0,5,3.7,0,5.1,3.7,0,2.5,4.5,0,4.5,3.2,0,4.5,3.7,0,4.6,3,0,4.9,3.7,0,4.5,2.4,0,4.5,2.4,0,5,2.1,0,4.7,2.2,0,4.5,2.4,1.5,4.5
k11,16,17,fullen_geschirrspuler,2.4,4.5,1,2.5,4.5,0,5,3.6,0,5.5,3.6,0,5,3.7,0,5.1,3.7,1,2.5,4.5,0,4.5,3.2,0,4.5,3.7,0,4.6,3,0,4.9,3.7,0,4.5,2.4,0,4.5,2.4,0,5,2.1,0,4.7,2.2,0,4.5,2.4,1.5,4.5
k11,18,25,nehmen_objekte,3.9,4.1,0,2.5,4.5,0,5,3.6,0,5.5,3.6,0,5,3.7,0,5.1,3.7,0,2.5,4.5,0,4.5,3.2,0,4.5,3.7,0,4.6,3,0,4.9,3.7,1,2.5,4.5,0,4.5,2.4,0,5,2.1,0,4.7,2.2,0,4.5,2.4,1.5,4.5
k11,26,27,fullen_geschirrspuler,2.5,4.5,0,2.5,4.5,0,5,3.6,0,5.5,3.6,0,5,3.7,0,5.1,3.7,0,2.5,4.5,0,4.5,3.2,0,4.5,3.7,0,4.6,3,0,4.9,3.7,1,2.5,4.5,0,4.5,2.4,0,5,2.1,0,4.7,2.2,0,4.5,2.4,1.5,4.5
k11,28,36,nehmen_objekte,3.9,2.9,0,2.5,4.5,0,5,3.6,0,5.5,3.6,0,5,3.7,0,5.1,3.7,0,2.5,4.5,0,4.5,3.2,0,4.5,3.7,0,4.6,3,0,4.9,3.7,1,2.5,4.5,0,4.5,2.4,0,5,2.1,0,4.7,2.2,0,4.5,2.4,1.5,4.5
k11,37,37,fullen_geschirrspuler,2.5,4.5,0,2.5,4.5,0,5,3.6,0,5.5,3.6,0,5,3.7,0,5.1,3.7,0,2.5,4.5,0,4.5,3.2,0,4.5,3.7,0,4.6,3,0,4.9,3.7,1,2.5,4.5,0,4.5,2.4,0,5,2.1,0,4.7,2.2,0,4.5,2.4,1.5,4.5
k11,38,40,schliessen_besteckSchublade,2.5,4.5,0,1.5,4.5,0,5,3.6,0,5.5,3.6,0,5,3.7,0,5.1,3.7,0,1.5,4.5,0,4.5,3.2,0,4.5,3.7,0,4.6,3,0,4.9,3.7,0,1.5,4.5,0,4.5,2.4,0,5,2.1,0,4.7,2.2,0,4.5,2.4,1.5,4.5
k11,38,40,schliessen_glasSchublade,2.5,4.5,0,1.5,4.5,0,5,3.6,0,5.5,3.6,0,5,3.7,0,5.1,3.7,0,1.5,4.5,0,4.5,3.2,0,4.5,3.7,0,4.6,3,0,4.9,3.7,0,1.5,4.5,0,4.5,2.4,0,5,2.1,0,4.7,2.2,0,4.5,2.4,1.5,4.5
k11,41,41,offnen_tellerSchublade,2.5,4.5,0,1.5,4.5,0,5,3.6,0,5.5,3.6,0,5,3.7,0,5.1,3.7,0,1.5,4.5,0,4.5,3.2,0,4.5,3.7,0,4.6,3,0,4.9,3.7,0,1.5,4.5,0,4.5,2.4,0,5,2.1,0,4.7,2.2,0,4.5,2.4,1.5,4.5
k11,42,46,nehmen_objekte,3.9,4.1,0,1.5,4.5,1,2.5,4.5,0,5.5,3.6,0,5,3.7,0,5.1,3.7,0,1.5,4.5,1,2.5,4.5,0,4.5,3.7,0,4.6,3,0,4.9,3.7,0,1.5,4.5,0,4.5,2.4,0,5,2.1,0,4.7,2.2,0,4.5,2.4,1.5,4.5
k11,47,52,fullen_geschirrspuler,3.9,4.1,0,1.5,4.5,1,2.5,4.5,0,5.5,3.6,0,5,3.7,0,5.1,3.7,0,1.5,4.5,1,2.5,4.5,0,4.5,3.7,0,4.6,3,0,4.9,3.7,0,1.5,4.5,0,4.5,2.4,0,5,2.1,0,4.7,2.2,0,4.5,2.4,1.5,4.5
k11,53,56,nehmen_objekte,3.9,4.1,0,1.5,4.5,0,2.5,4.5,1,2.5,4.5,0,5,3.7,0,5.1,3.7,0,1.5,4.5,0,2.5,4.5,1,2.5,4.5,0,4.6,3,0,4.9,3.7,0,1.5,4.5,0,4.5,2.4,0,5,2.1,0,4.7,2.2,0,4.5,2.4,1.5,4.5
k11,57,62,fullen_geschirrspuler,2.5,4.5,0,1.5,4.5,0,2.5,4.5,1,2.5,4.5,0,5,3.7,0,5.1,3.7,0,1.5,4.5,0,2.5,4.5,1,2.5,4.5,0,4.6,3,0,4.9,3.7,0,1.5,4.5,0,4.5,2.4,0,5,2.1,0,4.7,2.2,0,4.5,2.4,1.5,4.5
k11,63,67,nehmen_objekte,3.9,3,0,1.5,4.5,0,2.5,4.5,0,2.5,4.5,0,5,3.7,0,5.1,3.7,0,1.5,4.5,0,2.5,4.5,0,2.5,4.5,0,4.6,3,0,4.9,3.7,0,1.5,4.5,1,2.5,4.5,0,5,2.1,0,4.7,2.2,1,2.5,4.5,1.5,4.5
k11,67,71,fullen_geschirrspuler,2.5,4.5,0,1.5,4.5,0,2.5,4.5,0,2.5,4.5,0,5,3.7,0,5.1,3.7,0,1.5,4.5,0,2.5,4.5,0,2.5,4.5,0,4.6,3,0,4.9,3.7,0,1.5,4.5,1,2.5,4.5,0,5,2.1,0,4.7,2.2,0,2.5,4.5,1.5,4.5
k11,72,72,offnen_glasSchublade,2.5,4.5,0,1.5,4.5,0,2.5,4.5,0,2.5,4.5,0,5,3.7,0,5.1,3.7,0,1.5,4.5,0,2.5,4.5,0,2.5,4.5,0,4.6,3,0,4.9,3.7,0,1.5,4.5,0,2.5,4.5,0,5,2.1,0,4.7,2.2,0,2.5,4.5,1.5,4.5
k11,73,73,fullen_geschirrspuler,2.5,4.5,0,1.5,4.5,0,2.5,4.5,0,2.5,4.5,0,5,3.7,0,5.1,3.7,0,1.5,4.5,0,2.5,4.5,0,2.5,4.5,0,4.6,3,0,4.9,3.7,0,1.5,4.5,0,2.5,4.5,0,5,2.1,0,4.7,2.2,1,2.5,4.5,1.5,4.5
k11,74,81,nehmen_objekte,3.9,4.1,0,1.5,4.5,0,2.5,4.5,0,2.5,4.5,1,2.5,4.5,0,5.1,3.7,0,1.5,4.5,0,2.5,4.5,0,2.5,4.5,1,2.5,4.5,0,4.9,3.7,0,1.5,4.5,0,2.5,4.5,0,5,2.1,0,4.7,2.2,0,2.5,4.5,1.5,4.5
k11,82,85,fullen_geschirrspuler,2.5,4.5,0,1.5,4.5,0,2.5,4.5,0,2.5,4.5,1,2.5,4.5,0,5.1,3.7,0,1.5,4.5,0,2.5,4.5,0,2.5,4.5,1,2.5,4.5,0,4.9,3.7,0,1.5,4.5,0,2.5,4.5,0,5,2.1,0,4.7,2.2,0,2.5,4.5,1.5,4.5
k11,86,91,nehmen_objekte,3.9,4.1,0,1.5,4.5,0,2.5,4.5,0,2.5,4.5,0,2.5,4.5,1,2.5,4.5,0,1.5,4.5,0,2.5,4.5,0,2.5,4.5,0,2.5,4.5,1,2.5,4.5,0,1.5,4.5,0,2.5,4.5,0,5,2.1,0,4.7,2.2,0,2.5,4.5,1.5,4.5
k11,92,93,fullen_geschirrspuler,2.5,4.5,0,1.5,4.5,0,2.5,4.5,0,2.5,4.5,0,2.5,4.5,1,2.5,4.5,0,1.5,4.5,0,2.5,4.5,0,2.5,4.5,0,2.5,4.5,1,2.5,4.5,0,1.5,4.5,0,2.5,4.5,0,5,2.1,0,4.7,2.2,0,2.5,4.5,1.5,4.5
k11,94,101,nehmen_objekte,3.9,2,0,1.5,4.5,0,2.5,4.5,0,2.5,4.5,0,2.5,4.5,0,2.5,4.5,0,1.5,4.5,0,2.5,4.5,0,2.5,4.5,0,2.5,4.5,0,2.5,4.5,0,1.5,4.5,0,2.5,4.5,1,2.5,4.5,1,2.5,4.5,0,2.5,4.5,1.5,4.5
k11,93,95,fullen_geschirrspuler,2.5,4.5,0,1.5,4.5,0,2.5,4.5,0,2.5,4.5,0,2.5,4.5,0,2.5,4.5,0,1.5,4.5,0,2.5,4.5,0,2.5,4.5,0,2.5,4.5,0,2.5,4.5,0,1.5,4.5,0,2.5,4.5,0,2.5,4.5,1,2.5,4.5,0,2.5,4.5,1.5,4.5
k11,96,99,schliessen_glasSchublade,2.5,4.5,0,1.5,4.5,0,2.5,4.5,0,2.5,4.5,0,2.5,4.5,0,1.5,4.5,0,1.5,4.5,0,2.5,4.5,0,2.5,4.5,0,1.5,4.5,0,1.5,4.5,0,1.5,4.5,0,2.5,4.5,0,2.5,4.5,0,1.5,4.5,0,1.5,4.5,1.5,4.5
k11,100,101,fullen_geschirrspuler,2.5,4.5,0,1.5,4.5,0,2.5,4.5,0,2.5,4.5,0,2.5,4.5,0,1.5,4.5,0,1.5,4.5,0,2.5,4.5,0,2.5,4.5,0,1.5,4.5,0,1.5,4.5,0,1.5,4.5,0,2.5,4.5,1,2.5,4.5,0,1.5,4.5,0,1.5,4.5,1.5,4.5
k11,102,102,schliessen_tellerSchublade,2.5,4.5,0,1.5,4.5,0,1.5,4.5,0,1.5,4.5,0,2.5,4.5,0,1.5,4.5,0,1.5,4.5,0,1.5,4.5,0,1.5,4.5,0,1.5,4.5,0,1.5,4.5,0,1.5,4.5,0,1.5,4.5,0,1.5,4.5,0,1.5,4.5,0,1.5,4.5,1.5,4.5
k11,103,103,schliessen_geschirrspuler,2.5,4.5,0,1.5,4.5,0,1.5,4.5,0,1.5,4.5,0,2.5,4.5,0,1.5,4.5,0,1.5,4.5,0,1.5,4.5,0,1.5,4.5,0,1.5,4.5,0,1.5,4.5,0,1.5,4.5,0,1.5,4.5,0,1.5,4.5,0,1.5,4.5,0,1.5,4.5,1.5,4.5
k12,0,0,start,3,3.9,0,5.5,3.7,0,5.5,3.7,0,4.9,3.5,0,5.4,3.5,0,5.5,3.4,0,4.5,3.5,0,4.5,3.5,0,4.5,3,0,4.6,3,0,4.6,3.2,0,4.5,2.4,0,4.5,2.4,0,5,2.4,0,4.7,2.3,0,5,2.6,1.5,4.5
k12,0,9,nehmen_objekte,3.9,2.2,0,5.5,3.7,0,5.5,3.7,0,4.9,3.5,0,5.4,3.5,0,5.5,3.4,0,4.5,3.5,0,4.5,3.5,0,4.5,3,0,4.6,3,0,4.6,3.2,1,2.5,4.5,1,2.5,4.5,0,5,2.4,0,4.7,2.3,0,5,2.6,1.5,4.5
k12,9,10,offnen_geschirrspuler,2.5,4.5,0,5.5,3.7,0,5.5,3.7,0,4.9,3.5,0,5.4,3.5,0,5.5,3.4,0,4.5,3.5,0,4.5,3.5,0,4.5,3,0,4.6,3,0,4.6,3.2,0,2.5,4.5,0,2.5,4.5,0,5,2.4,0,4.7,2.3,0,5,2.6,1.5,4.5
k12,11,12,offnen_tellerSchublade,2.5,4.5,0,5.5,3.7,0,5.5,3.7,0,4.9,3.5,0,5.4,3.5,0,5.5,3.4,0,4.5,3.5,0,4.5,3.5,0,4.5,3,0,4.6,3,0,4.6,3.2,0,2.5,4.5,0,2.5,4.5,0,5,2.4,0,4.7,2.3,0,5,2.6,1.5,4.5
k12,13,16,fullen_geschirrspuler,2.5,4.5,0,5.5,3.7,0,5.5,3.7,0,4.9,3.5,0,5.4,3.5,0,5.5,3.4,0,4.5,3.5,0,4.5,3.5,0,4.5,3,0,4.6,3,0,4.6,3.2,0,2.5,4.5,1,2.5,4.5,0,5,2.4,0,4.7,2.3,0,5,2.6,1.5,4.5
k12,17,18,offnen_besteckSchublade,2.5,4.5,0,5.5,3.7,0,5.5,3.7,0,4.9,3.5,0,5.4,3.5,0,5.5,3.4,0,4.5,3.5,0,4.5,3.5,0,4.5,3,0,4.6,3,0,4.6,3.2,0,2.5,4.5,0,2.5,4.5,0,5,2.4,0,4.7,2.3,0,5,2.6,1.5,4.5
k12,19,22,fullen_geschirrspuler,2.5,4.5,0,5.5,3.7,0,5.5,3.7,0,4.9,3.5,0,5.4,3.5,0,5.5,3.4,0,4.5,3.5,0,4.5,3.5,0,4.5,3,0,4.6,3,0,4.6,3.2,1,2.5,4.5,0,2.5,4.5,0,5,2.4,0,4.7,2.3,0,5,2.6,1.5,4.5
k12,23,32,nehmen_objekte,3.9,3,0,5.5,3.7,0,5.5,3.7,0,4.9,3.5,0,5.4,3.5,0,5.5,3.4,1,2.5,4.5,0,4.5,3.5,0,4.5,3,0,4.6,3,0,4.6,3.2,0,2.5,4.5,0,2.5,4.5,0,5,2.4,0,4.7,2.3,0,5,2.6,1.5,4.5
k12,33,34,fullen_geschirrspuler,2.5,4.5,0,5.5,3.7,0,5.5,3.7,0,4.9,3.5,0,5.4,3.5,0,5.5,3.4,1,2.5,4.5,0,4.5,3.5,0,4.5,3,0,4.6,3,0,4.6,3.2,0,2.5,4.5,0,2.5,4.5,0,5,2.4,0,4.7,2.3,0,5,2.6,1.5,4.5
k12,35,39,nehmen_objekte,3.9,3,0,5.5,3.7,0,5.5,3.7,1,2.5,4.5,0,5.4,3.5,0,5.5,3.4,0,2.5,4.5,1,2.5,4.5,0,4.5,3,0,4.6,3,0,4.6,3.2,0,2.5,4.5,0,2.5,4.5,0,5,2.4,0,4.7,2.3,0,5,2.6,1.5,4.5
k12,40,43,fullen_geschirrspuler,2.5,4.5,0,5.5,3.7,0,5.5,3.7,1,2.5,4.5,0,5.4,3.5,0,5.5,3.4,0,2.5,4.5,1,2.5,4.5,0,4.5,3,0,4.6,3,0,4.6,3.2,0,2.5,4.5,0,2.5,4.5,0,5,2.4,0,4.7,2.3,0,5,2.6,1.5,4.5
k12,44,49,nehmen_objekte,3.9,3,0,5.5,3.7,0,5.5,3.7,0,2.5,4.5,0,5.4,3.5,0,5.5,3.4,0,2.5,4.5,0,2.5,4.5,0,4.5,3,1,2.5,4.5,0,4.6,3.2,0,2.5,4.5,0,2.5,4.5,0,5,2.4,1,2.5,4.5,0,5,2.6,1.5,4.5
k12,50,52,fullen_geschirrspuler,2.5,4.5,0,5.5,3.7,0,5.5,3.7,0,2.5,4.5,0,5.4,3.5,0,5.5,3.4,0,2.5,4.5,0,2.5,4.5,0,4.5,3,1,2.5,4.5,0,4.6,3.2,0,2.5,4.5,0,2.5,4.5,0,5,2.4,1,2.5,4.5,0,5,2.6,1.5,4.5
k12,53,61,nehmen_objekte,4.7,4.1,1,2.5,4.5,0,5.5,3.7,0,2.5,4.5,0,5.4,3.5,0,5.5,3.4,0,2.5,4.5,0,2.5,4.5,0,4.5,3,0,2.5,4.5,0,4.6,3.2,0,2.5,4.5,0,2.5,4.5,0,5,2.4,0,2.5,4.5,0,5,2.6,1.5,4.5
k12,62,62,fullen_geschirrspuler,2.5,4.5,1,2.5,4.5,0,5.5,3.7,0,2.5,4.5,0,5.4,3.5,0,5.5,3.4,0,2.5,4.5,0,2.5,4.5,0,4.5,3,0,2.5,4.5,0,4.6,3.2,0,2.5,4.5,0,2.5,4.5,0,5,2.4,0,2.5,4.5,0,5,2.6,1.5,4.5
k12,62,69,nehmen_objekte,4.7,4.1,0,2.5,4.5,0,5.5,3.7,1,2.5,4.5,0,5.4,3.5,0,5.5,3.4,0,2.5,4.5,0,2.5,4.5,0,4.5,3,0,2.5,4.5,1,2.5,4.5,0,2.5,4.5,0,2.5,4.5,0,5,2.4,0,2.5,4.5,0,5,2.6,1.5,4.5
k12,70,77,fullen_geschirrspuler,2.5,4.5,0,2.5,4.5,0,5.5,3.7,1,2.5,4.5,0,5.4,3.5,0,5.5,3.4,0,2.5,4.5,0,2.5,4.5,0,4.5,3,0,2.5,4.5,1,2.5,4.5,0,2.5,4.5,0,2.5,4.5,0,5,2.4,0,2.5,4.5,0,5,2.6,1.5,4.5
k12,78,82,nehmen_objekte,4.7,4.1,0,2.5,4.5,0,5.5,3.7,0,2.5,4.5,1,2.5,4.5,1,2.5,4.5,0,2.5,4.5,0,2.5,4.5,0,4.5,3,0,2.5,4.5,0,2.5,4.5,0,2.5,4.5,0,2.5,4.5,0,5,2.4,0,2.5,4.5,0,5,2.6,1.5,4.5
k12,83,87,fullen_geschirrspuler,2.5,4.5,0,2.5,4.5,0,5.5,3.7,0,2.5,4.5,1,2.5,4.5,1,2.5,4.5,0,2.5,4.5,0,2.5,4.5,0,4.5,3,0,2.5,4.5,0,2.5,4.5,0,2.5,4.5,0,2.5,4.5,0,5,2.4,0,2.5,4.5,0,5,2.6,1.5,4.5
k12,88,109,umraumen_geschirrspuler,2.5,4.5,1,2.5,4.5,0,5.5,3.7,0,2.5,4.5,0,2.5,4.5,0,2.5,4.5,1,2.5,4.5,0,2.5,4.5,0,4.5,3,0,2.5,4.5,0,2.5,4.5,1,2.5,4.5,0,2.5,4.5,0,5,2.4,0,2.5,4.5,0,5,2.6,1.5,4.5
k12,110,116,nehmen_objekte,4.5,4.1,0,2.5,4.5,0,5.5,3.7,0,2.5,4.5,0,2.5,4.5,0,2.5,4.5,0,2.5,4.5,0,2.5,4.5,0,4.5,3,0,2.5,4.5,0,2.5,4.5,0,2.5,4.5,0,2.5,4.5,1,2.5,4.5,0,2.5,4.5,1,2.5,4.5,1.5,4.5
k12,116,119,fullen_geschirrspuler,2.5,4.5,0,2.5,4.5,0,5.5,3.7,0,2.5,4.5,0,2.5,4.5,0,2.5,4.5,0,2.5,4.5,0,2.5,4.5,0,4.5,3,0,2.5,4.5,0,2.5,4.5,0,2.5,4.5,0,2.5,4.5,1,2.5,4.5,0,2.5,4.5,1,2.5,4.5,1.5,4.5
k12,120,120,schliessen_besteckSchublade,2.5,4.5,0,1.5,4.5,0,5.5,3.7,0,2.5,4.5,0,2.5,4.5,0,2.5,4.5,0,1.5,4.5,0,2.5,4.5,0,4.5,3,0,2.5,4.5,0,2.5,4.5,0,1.5,4.5,0,2.5,4.5,0,2.5,4.5,0,2.5,4.5,0,2.5,4.5,1.5,4.5
k12,121,128,schliessen_tellerSchublade,2.5,4.5,0,1.5,4.5,0,1.5,3.7,0,1.5,4.5,0,1.5,4.5,0,1.5,4.5,0,1.5,4.5,0,1.5,4.5,0,1.5,3,0,1.5,4.5,0,1.5,4.5,0,1.5,4.5,0,1.5,4.5,0,1.5,4.5,0,1.5,4.5,0,1.5,4.5,1.5,4.5
k12,129,130,schliessen_geschirrspuler,2.5,4.5,0,1.5,4.5,0,1.5,3.7,0,1.5,4.5,0,1.5,4.5,0,1.5,4.5,0,1.5,4.5,0,1.5,4.5,0,1.5,3,0,1.5,4.5,0,1.5,4.5,0,1.5,4.5,0,1.5,4.5,0,1.5,4.5,0,1.5,4.5,0,1.5,4.5,1.5,4.5
k14,0,0,start,3.7,4.2,0,5,3.7,0,5,3.7,0,5.3,3.5,0,4.8,3.7,0,4.9,3.5,0,4.2,3.7,0,4.2,3.7,0,5,3.1,0,4.6,3.2,0,4.8,3.2,0,4.5,2.1,0,4.2,2.1,0,1.5,4.5,0,4.5,2.1,0,4.9,2.2,1.5,4.5
k14,0,2,offnen_geschirrspuler,2.5,4.5,0,5,3.7,0,5,3.7,0,5.3,3.5,0,4.8,3.7,0,4.9,3.5,0,4.2,3.7,0,4.2,3.7,0,5,3.1,0,4.6,3.2,0,4.8,3.2,0,4.5,2.1,0,4.2,2.1,0,1.5,4.5,0,4.5,2.1,0,4.9,2.2,1.5,4.5
k14,2,4,offnen_tellerSchublade,2.5,4.5,0,5,3.7,0,5,3.7,0,5.3,3.5,0,4.8,3.7,0,4.9,3.5,0,4.2,3.7,0,4.2,3.7,0,5,3.1,0,4.6,3.2,0,4.8,3.2,0,4.5,2.1,0,4.2,2.1,0,1.5,4.5,0,4.5,2.1,0,4.9,2.2,1.5,4.5
k14,4,8,nehmen_objekte,3.9,4.1,0,5,3.7,0,5,3.7,0,5.3,3.5,0,4.8,3.7,0,4.9,3.5,1,2.5,4.5,1,2.5,4.5,0,5,3.1,0,4.6,3.2,0,4.8,3.2,0,4.5,2.1,0,4.2,2.1,0,1.5,4.5,0,4.5,2.1,0,4.9,2.2,1.5,4.5
k14,8,9,fullen_geschirrspuler,2.5,4.5,0,5,3.7,0,5,3.7,0,5.3,3.5,0,4.8,3.7,0,4.9,3.5,0,2.5,4.5,1,2.5,4.5,0,5,3.1,0,4.6,3.2,0,4.8,3.2,0,4.5,2.1,0,4.2,2.1,0,1.5,4.5,0,4.5,2.1,0,4.9,2.2,1.5,4.5
k14,9,11,offnen_besteckSchublade,2.5,4.5,0,5,3.7,0,5,3.7,0,5.3,3.5,0,4.8,3.7,0,4.9,3.5,0,2.5,4.5,0,2.5,4.5,0,5,3.1,0,4.6,3.2,0,4.8,3.2,0,4.5,2.1,0,4.2,2.1,0,1.5,4.5,0,4.5,2.1,0,4.9,2.2,1.5,4.5
k14,11,12,fullen_geschirrspuler,2.5,4.5,0,5,3.7,0,5,3.7,0,5.3,3.5,0,4.8,3.7,0,4.9,3.5,1,2.5,4.5,0,2.5,4.5,0,5,3.1,0,4.6,3.2,0,4.8,3.2,0,4.5,2.1,0,4.2,2.1,0,1.5,4.5,0,4.5,2.1,0,4.9,2.2,1.5,4.5
k14,12,13,schliessen_besteckSchublade,2.5,4.5,0,5,3.7,0,5,3.7,0,5.3,3.5,0,4.8,3.7,0,4.9,3.5,0,2.5,4.5,0,2.5,4.5,0,5,3.1,0,4.6,3.2,0,4.8,3.2,0,4.5,2.1,0,4.2,2.1,0,1.5,4.5,0,4.5,2.1,0,4.9,2.2,1.5,4.5
k14,13,17,nehmen_objekte,4.2,4.1,0,5,3.7,0,5,3.7,0,5.3,3.5,1,2.5,4.5,0,4.9,3.5,0,2.5,4.5,0,2.5,4.5,0,5,3.1,0,4.6,3.2,1,2.5,4.5,0,4.5,2.1,0,4.2,2.1,0,1.5,4.5,0,4.5,2.1,0,4.9,2.2,1.5,4.5
k14,17,20,fullen_geschirrspuler,2.5,4.5,0,5,3.7,0,5,3.7,0,5.3,3.5,1,2.5,4.5,0,4.9,3.5,0,2.5,4.5,0,2.5,4.5,0,5,3.1,0,4.6,3.2,1,2.5,4.5,0,4.5,2.1,0,4.2,2.1,0,1.5,4.5,0,4.5,2.1,0,4.9,2.2,1.5,4.5
k14,20,28,nehmen_objekte,4.2,4.1,0,5,3.7,0,5,3.7,0,5.3,3.5,0,2.5,4.5,1,2.5,4.5,0,2.5,4.5,0,2.5,4.5,0,5,3.1,0,4.6,3.2,0,2.5,4.5,0,4.5,2.1,0,4.2,2.1,0,1.5,4.5,0,4.5,2.1,0,4.9,2.2,1.5,4.5
k14,28,31,fullen_geschirrspuler,2.5,4.5,0,5,3.7,0,5,3.7,0,5.3,3.5,0,2.5,4.5,1,2.5,4.5,0,2.5,4.5,0,2.5,4.5,0,5,3.1,0,4.6,3.2,0,2.5,4.5,0,4.5,2.1,0,4.2,2.1,0,1.5,4.5,0,4.5,2.1,0,4.9,2.2,1.5,4.5
k14,31,36,nehmen_objekte,5,4.1,1,2.5,4.5,0,5,3.7,0,5.3,3.5,0,2.5,4.5,0,2.5,4.5,0,2.5,4.5,0,2.5,4.5,0,5,3.1,0,4.6,3.2,0,2.5,4.5,0,4.5,2.1,0,4.2,2.1,0,1.5,4.5,0,4.5,2.1,0,4.9,2.2,1.5,4.5
k14,36,37,offnen_besteckSchublade,2.5,4.5,0,2.5,4.5,0,5,3.7,0,5.3,3.5,0,2.5,4.5,0,2.5,4.5,0,2.5,4.5,0,2.5,4.5,0,5,3.1,0,4.6,3.2,0,2.5,4.5,0,4.5,2.1,0,4.2,2.1,0,1.5,4.5,0,4.5,2.1,0,4.9,2.2,1.5,4.5
k14,37,41,fullen_geschirrspuler,2.5,4.5,1,2.5,4.5,0,5,3.7,0,5.3,3.5,0,2.5,4.5,0,2.5,4.5,0,2.5,4.5,0,2.5,4.5,0,5,3.1,0,4.6,3.2,0,2.5,4.5,0,4.5,2.1,0,4.2,2.1,0,1.5,4.5,0,4.5,2.1,0,4.9,2.2,1.5,4.5
k14,41,42,schliessen_besteckSchublade,2.5,4.5,0,1.5,4.5,0,5,3.7,0,5.3,3.5,0,2.5,4.5,0,2.5,4.5,0,2.5,4.5,0,2.5,4.5,0,5,3.1,0,4.6,3.2,0,2.5,4.5,0,4.5,2.1,0,4.2,2.1,0,1.5,4.5,0,4.5,2.1,0,4.9,2.2,1.5,4.5
k14,42,43,nehmen_objekte,5,4.1,0,1.5,4.5,1,2.5,4.5,0,5.3,3.5,0,2.5,4.5,0,2.5,4.5,0,2.5,4.5,0,2.5,4.5,0,5,3.1,0,4.6,3.2,0,2.5,4.5,0,4.5,2.1,0,4.2,2.1,0,1.5,4.5,0,4.5,2.1,0,4.9,2.2,1.5,4.5
k14,43,44,fullen_geschirrspuler,2.5,4.5,0,1.5,4.5,0,2.5,4.5,0,5.3,3.5,0,2.5,4.5,0,2.5,4.5,0,2.5,4.5,0,2.5,4.5,0,5,3.1,0,4.6,3.2,0,2.5,4.5,0,4.5,2.1,0,4.2,2.1,0,1.5,4.5,0,4.5,2.1,0,4.9,2.2,1.5,4.5
k14,44,51,nehmen_objekte,5,4.1,0,1.5,4.5,0,2.5,4.5,1,2.5,4.5,0,2.5,4.5,0,2.5,4.5,0,2.5,4.5,0,2.5,4.5,0,5,3.1,0,4.6,3.2,0,2.5,4.5,0,4.5,2.1,0,4.2,2.1,0,1.5,4.5,0,4.5,2.1,0,4.9,2.2,1.5,4.5
k14,51,56,fullen_geschirrspuler,2.5,4.5,0,1.5,4.5,0,2.5,4.5,1,2.5,4.5,0,2.5,4.5,0,2.5,4.5,0,2.5,4.5,0,2.5,4.5,0,5,3.1,0,4.6,3.2,0,2.5,4.5,0,4.5,2.1,0,4.2,2.1,0,1.5,4.5,0,4.5,2.1,0,4.9,2.2,1.5,4.5
k14,56,60,nehmen_objekte,3.9,4.1,0,1.5,4.5,0,2.5,4.5,0,2.5,4.5,0,2.5,4.5,0,2.5,4.5,0,2.5,4.5,0,2.5,4.5,1,2.5,4.5,0,4.6,3.2,0,2.5,4.5,0,4.5,2.1,0,4.2,2.1,0,1.5,4.5,0,4.5,2.1,0,4.9,2.2,1.5,4.5
k14,60,61,fullen_geschirrspuler,2.5,4.5,0,1.5,4.5,0,2.5,4.5,0,2.5,4.5,0,2.5,4.5,0,2.5,4.5,0,2.5,4.5,0,2.5,4.5,1,2.5,4.5,0,4.6,3.2,0,2.5,4.5,0,4.5,2.1,0,4.2,2.1,0,1.5,4.5,0,4.5,2.1,0,4.9,2.2,1.5,4.5
k14,61,66,nehmen_objekte,3.9,3,0,1.5,4.5,0,2.5,4.5,0,2.5,4.5,0,2.5,4.5,0,2.5,4.5,0,2.5,4.5,0,2.5,4.5,0,2.5,4.5,1,2.5,4.5,0,2.5,4.5,0,4.5,2.1,0,4.2,2.1,0,1.5,4.5,1,2.5,4.5,0,4.9,2.2,1.5,4.5
k14,66,71,fullen_geschirrspuler,2.5,4.5,0,1.5,4.5,0,2.5,4.5,0,2.5,4.5,0,2.5,4.5,0,2.5,4.5,0,2.5,4.5,0,2.5,4.5,0,2.5,4.5,1,2.5,4.5,0,2.5,4.5,0,4.5,2.1,0,4.2,2.1,0,1.5,4.5,1,2.5,4.5,0,4.9,2.2,1.5,4.5
k14,71,75,nehmen_objekte,3.9,3,0,1.5,4.5,0,2.5,4.5,0,2.5,4.5,0,2.5,4.5,0,2.5,4.5,0,2.5,4.5,0,2.5,4.5,0,2.5,4.5,0,2.5,4.5,0,2.5,4.5,1,2.5,4.5,1,2.5,4.5,0,1.5,4.5,0,2.5,4.5,0,4.9,2.2,1.5,4.5
k14,75,78,fullen_geschirrspuler,2.5,4.5,0,1.5,4.5,0,2.5,4.5,0,2.5,4.5,0,2.5,4.5,0,2.5,4.5,0,2.5,4.5,0,2.5,4.5,0,2.5,4.5,0,2.5,4.5,0,2.5,4.5,0,2.5,4.5,1,2.5,4.5,0,1.5,4.5,0,2.5,4.5,0,4.9,2.2,1.5,4.5
k14,78,79,offnen_besteckSchublade,2.5,4.5,0,1.5,4.5,0,2.5,4.5,0,2.5,4.5,0,2.5,4.5,0,2.5,4.5,0,2.5,4.5,0,2.5,4.5,0,2.5,4.5,0,2.5,4.5,0,2.5,4.5,0,2.5,4.5,0,2.5,4.5,0,1.5,4.5,0,2.5,4.5,0,4.9,2.2,1.5,4.5
k14,79,80,fullen_geschirrspuler,2.5,4.5,0,1.5,4.5,0,2.5,4.5,0,2.5,4.5,0,2.5,4.5,0,2.5,4.5,0,2.5,4.5,0,2.5,4.5,0,2.5,4.5,0,2.5,4.5,0,2.5,4.5,1,2.5,4.5,0,2.5,4.5,0,1.5,4.5,0,2.5,4.5,0,4.9,2.2,1.5,4.5
k14,80,81,schliessen_besteckSchublade,2.5,4.5,0,1.5,4.5,0,2.5,4.5,0,2.5,4.5,0,2.5,4.5,0,2.5,4.5,0,1.5,4.5,0,2.5,4.5,0,2.5,4.5,0,2.5,4.5,0,2.5,4.5,0,1.5,4.5,0,2.5,4.5,0,1.5,4.5,0,2.5,4.5,0,4.9,2.2,1.5,4.5
k14,81,86,nehmen_objekte,3.9,3,0,1.5,4.5,0,2.5,4.5,0,2.5,4.5,0,2.5,4.5,0,2.5,4.5,0,1.5,4.5,0,2.5,4.5,0,2.5,4.5,0,2.5,4.5,0,2.5,4.5,0,1.5,4.5,0,2.5,4.5,0,1.5,4.5,0,2.5,4.5,1,2.5,4.5,1.5,4.5
k14,86,90,fullen_geschirrspuler,2.5,4.5,0,1.5,4.5,0,2.5,4.5,0,2.5,4.5,0,2.5,4.5,0,2.5,4.5,0,1.5,4.5,0,2.5,4.5,0,2.5,4.5,0,2.5,4.5,0,2.5,4.5,0,1.5,4.5,0,2.5,4.5,0,1.5,4.5,0,2.5,4.5,1,2.5,4.5,1.5,4.5
k14,90,91,schliessen_tellerSchublade,2.5,4.5,0,1.5,4.5,0,1.5,4.5,0,1.5,4.5,0,1.5,4.5,0,1.5,4.5,0,1.5,4.5,0,1.5,4.5,0,1.5,4.5,0,1.5,4.5,0,1.5,4.5,0,1.5,4.5,0,1.5,4.5,0,1.5,4.5,0,1.5,4.5,0,1.5,4.5,1.5,4.5
k14,91,93,schliessen_geschirrspuler,2.5,4.5,0,1.5,4.5,0,1.5,4.5,0,1.5,4.5,0,1.5,4.5,0,1.5,4.5,0,1.5,4.5,0,1.5,4.5,0,1.5,4.5,0,1.5,4.5,0,1.5,4.5,0,1.5,4.5,0,1.5,4.5,0,1.5,4.5,0,1.5,4.5,0,1.5,4.5,1.5,4.5
k16,0,0,start,2.5,4.5,0,5,3.8,0,5,3.8,0,5.5,3.2,0,4.9,3.5,0,5.1,3.5,0,4.3,3.5,0,4.3,3.5,0,5,4.1,0,4.4,3.4,0,5,4.1,0,4.3,2.1,0,4.3,2.1,0,5,2.1,0,4.4,2,0,4.3,2.1,1.5,4.5
k16,0,6,offnen_geschirrspuler,2.5,4.5,0,5,3.8,0,5,3.8,0,5.5,3.2,0,4.9,3.5,0,5.1,3.5,0,4.3,3.5,0,4.3,3.5,0,5,4.1,0,4.4,3.4,0,5,4.1,0,4.3,2.1,0,4.3,2.1,0,5,2.1,0,4.4,2,0,4.3,2.1,1.5,4.5
k16,6,9,offnen_tellerSchublade,2.5,4.5,0,5,3.8,0,5,3.8,0,5.5,3.2,0,4.9,3.5,0,5.1,3.5,0,4.3,3.5,0,4.3,3.5,0,5,4.1,0,4.4,3.4,0,5,4.1,0,4.3,2.1,0,4.3,2.1,0,5,2.1,0,4.4,2,0,4.3,2.1,1.5,4.5
k16,9,14,nehmen_objekte,3.9,4.1,1,5,4.1,1,2.5,4.5,0,5.5,3.2,0,4.9,3.5,0,5.1,3.5,1,5,4.1,1,2.5,4.5,0,5,4.1,0,4.4,3.4,0,5,4.1,0,4.3,2.1,0,4.3,2.1,0,5,2.1,0,4.4,2,0,4.3,2.1,1.5,4.5
k16,14,18,fullen_geschirrspuler,2.5,4.5,0,5,4.1,1,2.5,4.5,0,5.5,3.2,0,4.9,3.5,0,5.1,3.5,0,5,4.1,1,2.5,4.5,0,5,4.1,0,4.4,3.4,0,5,4.1,0,4.3,2.1,0,4.3,2.1,0,5,2.1,0,4.4,2,0,4.3,2.1,1.5,4.5
k16,18,34,nehmen_objekte,3.9,2.2,0,5,4.1,0,2.5,4.5,0,5.5,3.2,0,4.9,3.5,0,5.1,3.5,0,5,4.1,0,2.5,4.5,0,5,4.1,0,4.4,3.4,0,5,4.1,1,5,4.1,1,2.5,4.5,1,2.5,4.5,0,4.4,2,1,4.5,3.1,1.5,4.5
k16,34,37,fullen_geschirrspuler,2.5,4.5,0,5,4.1,0,2.5,4.5,0,5.5,3.2,0,4.9,3.5,0,5.1,3.5,0,5,4.1,0,2.5,4.5,0,5,4.1,0,4.4,3.4,0,5,4.1,0,5,4.1,1,2.5,4.5,1,2.5,4.5,0,4.4,2,0,4.5,3.1,1.5,4.5
k16,37,45,nehmen_objekte,4.1,4.1,1,2.5,4.5,0,2.5,4.5,0,5.5,3.2,0,4.9,3.5,0,5.1,3.5,0,5,4.1,0,2.5,4.5,0,5,4.1,0,4.4,3.4,0,5,4.1,0,5,4.1,0,2.5,4.5,0,2.5,4.5,0,4.4,2,0,4.5,3.1,1.5,4.5
k16,45,48,offnen_besteckSchublade,2.5,4.5,0,2.5,4.5,0,2.5,4.5,0,5.5,3.2,0,4.9,3.5,0,5.1,3.5,0,5,4.1,0,2.5,4.5,0,5,4.1,0,4.4,3.4,0,5,4.1,0,5,4.1,0,2.5,4.5,0,2.5,4.5,0,4.4,2,0,4.5,3.1,1.5,4.5
k16,48,52,fullen_geschirrspuler,2.5,4.5,1,2.5,4.5,0,2.5,4.5,0,5.5,3.2,0,4.9,3.5,0,5.1,3.5,0,5,4.1,0,2.5,4.5,0,5,4.1,0,4.4,3.4,0,5,4.1,0,5,4.1,0,2.5,4.5,0,2.5,4.5,0,4.4,2,0,4.5,3.1,1.5,4.5
k16,52,60,nehmen_objekte,4.1,4.1,0,2.5,4.5,0,2.5,4.5,0,5.5,3.2,0,4.9,3.5,0,5.1,3.5,1,2.5,4.5,0,2.5,4.5,0,5,4.1,0,4.4,3.4,0,5,4.1,0,5,4.1,0,2.5,4.5,0,2.5,4.5,0,4.4,2,0,4.5,3.1,1.5,4.5
k16,60,66,fullen_geschirrspuler,2.5,4.5,0,2.5,4.5,0,2.5,4.5,0,5.5,3.2,0,4.9,3.5,0,5.1,3.5,1,2.5,4.5,0,2.5,4.5,0,5,4.1,0,4.4,3.4,0,5,4.1,0,5,4.1,0,2.5,4.5,0,2.5,4.5,0,4.4,2,0,4.5,3.1,1.5,4.5
k16,66,73,nehmen_objekte,4.1,4.1,0,2.5,4.5,0,2.5,4.5,0,5.5,3.2,0,4.9,3.5,0,5.1,3.5,1,2.5,2.5,0,2.5,4.5,0,5,4.1,0,4.4,3.4,0,5,4.1,0,5,4.1,0,2.5,4.5,0,2.5,4.5,0,4.4,2,0,4.5,3.1,1.5,4.5
k16,73,77,fullen_geschirrspuler,2.5,4.5,0,2.5,4.5,0,2.5,4.5,0,5.5,3.2,0,4.9,3.5,0,5.1,3.5,1,2.5,4.5,0,2.5,4.5,0,5,4.1,0,4.4,3.4,0,5,4.1,0,5,4.1,0,2.5,4.5,0,2.5,4.5,0,4.4,2,0,4.5,3.1,1.5,4.5
k16,77,84,nehmen_objekte,4.1,4.1,0,2.5,4.5,0,2.5,4.5,0,5.5,3.2,0,4.9,3.5,0,5.1,3.5,0,2.5,4.5,0,2.5,4.5,0,5,4.1,0,4.4,3.4,0,5,4.1,1,2.5,4.5,0,2.5,4.5,0,2.5,4.5,0,4.4,2,0,4.5,3.1,1.5,4.5
k16,84,87,fullen_geschirrspuler,2.5,4.5,0,2.5,4.5,0,2.5,4.5,0,5.5,3.2,0,4.9,3.5,0,5.1,3.5,0,2.5,4.5,0,2.5,4.5,0,5,4.1,0,4.4,3.4,0,5,4.1,1,2.5,4.5,0,2.5,4.5,0,2.5,4.5,0,4.4,2,0,4.5,3.1,1.5,4.5
k16,87,96,nehmen_objekte,4.1,4.1,0,2.5,4.5,0,2.5,4.5,0,5.5,3.2,0,4.9,3.5,1,2.5,4.5,0,2.5,4.5,0,2.5,4.5,0,5,4.1,0,4.4,3.4,1,2.5,4.5,0,2.5,4.5,0,2.5,4.5,0,2.5,4.5,0,4.4,2,1,2.5,4.5,1.5,4.5
k16,96,97,schliessen_besteckSchublade,2.5,4.5,0,1.5,4.5,0,2.5,4.5,0,5.5,3.2,0,4.9,3.5,0,2.5,4.5,0,1.5,4.5,0,2.5,4.5,0,5,4.1,0,4.4,3.4,0,2.5,4.5,0,1.5,4.5,0,2.5,4.5,0,2.5,4.5,0,4.4,2,0,2.5,4.5,1.5,4.5
k16,97,99,offnen_glasSchublade,2.5,4.5,0,1.5,4.5,0,2.5,4.5,0,5.5,3.2,0,4.9,3.5,0,2.5,4.5,0,1.5,4.5,0,2.5,4.5,0,5,4.1,0,4.4,3.4,0,2.5,4.5,0,1.5,4.5,0,2.5,4.5,0,2.5,4.5,0,4.4,2,0,2.5,4.5,1.5,4.5
k16,99,103,fullen_geschirrspuler,2.5,4.5,0,1.5,4.5,0,2.5,4.5,0,5.5,3.2,0,4.9,3.5,1,2.5,4.5,0,1.5,4.5,0,2.5,4.5,0,5,4.1,0,4.4,3.4,1,2.5,4.5,0,1.5,4.5,0,2.5,4.5,0,2.5,4.5,0,4.4,2,1,2.5,4.5,1.5,4.5
k16,103,110,nehmen_objekte,3.9,3.4,0,1.5,4.5,0,2.5,4.5,0,5.5,3.2,1,2.5,4.5,0,2.5,4.5,0,1.5,4.5,0,2.5,4.5,0,5,4.1,1,2.5,4.5,0,2.5,4.5,0,1.5,4.5,0,2.5,4.5,0,2.5,4.5,1,2.5,4.5,0,2.5,4.5,1.5,4.5
k16,110,115,fullen_geschirrspuler,2.5,4.5,0,1.5,4.5,0,2.5,4.5,0,5.5,3.2,1,2.5,4.5,0,2.5,4.5,0,1.5,4.5,0,2.5,4.5,0,5,4.1,1,2.5,4.5,0,2.5,4.5,0,1.5,4.5,0,2.5,4.5,0,2.5,4.5,1,2.5,4.5,0,2.5,4.5,1.5,4.5
k16,115,116,schliessen_glasSchublade,2.5,4.5,0,1.5,4.5,0,2.5,4.5,0,5.5,3.2,0,1.5,4.5,0,1.5,4.5,0,1.5,4.5,0,2.5,4.5,0,5,4.1,0,1.5,4.5,0,1.5,4.5,0,1.5,4.5,0,2.5,4.5,0,2.5,4.5,0,1.5,4.5,0,1.5,4.5,1.5,4.5
k16,116,121,nehmen_objekte,4.3,4.1,0,1.5,4.5,0,2.5,4.5,1,2.5,4.5,0,1.5,4.5,0,1.5,4.5,0,1.5,4.5,0,2.5,4.5,1,2.5,4.5,0,1.5,4.5,0,1.5,4.5,0,1.5,4.5,0,2.5,4.5,0,2.5,4.5,0,1.5,4.5,0,1.5,4.5,1.5,4.5
k16,121,125,fullen_geschirrspuler,2.5,4.5,0,1.5,4.5,0,2.5,4.5,1,2.5,4.5,0,1.5,4.5,0,1.5,4.5,0,1.5,4.5,0,2.5,4.5,1,2.5,4.5,0,1.5,4.5,0,1.5,4.5,0,1.5,4.5,0,2.5,4.5,0,2.5,4.5,0,1.5,4.5,0,1.5,4.5,1.5,4.5
k16,126,130,schliessen_tellerSchublade,2.5,4.5,0,1.5,4.5,0,1.5,4.5,0,1.5,4.5,0,1.5,4.5,0,1.5,4.5,0,1.5,4.5,0,1.5,4.5,0,1.5,4.5,0,1.5,4.5,0,1.5,4.5,0,1.5,4.5,0,1.5,4.5,0,1.5,4.5,0,1.5,4.5,0,1.5,4.5,1.5,4.5
k16,130,132,schliessen_geschirrspuler,2.5,4.5,0,1.5,4.5,0,1.5,4.5,0,1.5,4.5,0,1.5,4.5,0,1.5,4.5,0,1.5,4.5,0,1.5,4.5,0,1.5,4.5,0,1.5,4.5,0,1.5,4.5,0,1.5,4.5,0,1.5,4.5,0,1.5,4.5,0,1.5,4.5,0,1.5,4.5,1.5,4.5
k17,0,0,start,2.5,4.5,0,5.5,3.7,0,4.8,3.8,0,5.5,3.7,0,4.7,3.6,0,4.8,3.8,0,4.3,3.2,0,4.3,3.2,0,5.1,2.6,0,4.6,3.1,0,4.3,3.2,0,4.3,2.2,0,4.3,2.2,0,5.3,2.2,0,4.7,2,0,4.3,2.2,1.5,4.5
k17,0,19,nehmen_objekte,3.9,4.1,0,5.5,3.7,0,4.8,3.8,0,5.5,3.7,0,4.7,3.6,1,2.5,4.5,0,4.3,3.2,0,4.3,3.2,0,5.1,2.6,0,4.6,3.1,0,4.3,3.2,0,4.3,2.2,0,4.3,2.2,0,5.3,2.2,0,4.7,2,0,4.3,2.2,1.5,4.5
k17,19,20,offnen_geschirrspuler,2.5,4.5,0,5.5,3.7,0,4.8,3.8,0,5.5,3.7,0,4.7,3.6,0,2.5,4.5,0,4.3,3.2,0,4.3,3.2,0,5.1,2.6,0,4.6,3.1,0,4.3,3.2,0,4.3,2.2,0,4.3,2.2,0,5.3,2.2,0,4.7,2,0,4.3,2.2,1.5,4.5
k17,20,22,offnen_besteckSchublade,2.5,4.5,0,5.5,3.7,0,4.8,3.8,0,5.5,3.7,0,4.7,3.6,0,2.5,4.5,0,4.3,3.2,0,4.3,3.2,0,5.1,2.6,0,4.6,3.1,0,4.3,3.2,0,4.3,2.2,0,4.3,2.2,0,5.3,2.2,0,4.7,2,0,4.3,2.2,1.5,4.5
k17,22,25,offnen_glasSchublade,2.5,4.5,0,5.5,3.7,0,4.8,3.8,0,5.5,3.7,0,4.7,3.6,1,2.5,4.5,0,4.3,3.2,0,4.3,3.2,0,5.1,2.6,0,4.6,3.1,0,4.3,3.2,0,4.3,2.2,0,4.3,2.2,0,5.3,2.2,0,4.7,2,0,4.3,2.2,1.5,4.5
k17,25,27,fullen_geschirrspuler,2.5,4.5,0,5.5,3.7,0,4.8,3.8,0,5.5,3.7,0,4.7,3.6,0,2.5,4.5,0,4.3,3.2,0,4.3,3.2,0,5.1,2.6,0,4.6,3.1,0,4.3,3.2,0,4.3,2.2,0,4.3,2.2,0,5.3,2.2,0,4.7,2,0,4.3,2.2,1.5,4.5
k17,27,35,nehmen_objekte,3.9,4,0,5.5,3.7,0,4.8,3.8,0,5.5,3.7,0,4.7,3.6,0,2.5,4.5,0,4.3,3.2,0,4.3,3.2,0,5.1,2.6,0,4.6,3.1,1,2.5,4.5,0,4.3,2.2,0,4.3,2.2,0,5.3,2.2,0,4.7,2,1,2.5,4.5,1.5,4.5
k17,35,37,fullen_geschirrspuler,2.5,4.5,0,5.5,3.7,0,4.8,3.8,0,5.5,3.7,0,4.7,3.6,0,2.5,4.5,0,4.3,3.2,0,4.3,3.2,0,5.1,2.6,0,4.6,3.1,0,2.5,4.5,0,4.3,2.2,0,4.3,2.2,0,5.3,2.2,0,4.7,2,0,2.5,4.5,1.5,4.5
k17,37,38,schliessen_besteckSchublade,2.5,4.5,0,5.5,3.7,0,4.8,3.8,0,5.5,3.7,0,4.7,3.6,0,2.5,4.5,0,4.3,3.2,0,4.3,3.2,0,5.1,2.6,0,4.6,3.1,0,2.5,4.5,0,4.3,2.2,0,4.3,2.2,0,5.3,2.2,0,4.7,2,0,2.5,4.5,1.5,4.5
k17,38,43,nehmen_objekte,3.9,4.1,0,5.5,3.7,1,2.5,4.5,0,5.5,3.7,0,4.7,3.6,0,2.5,4.5,1,2.5,4.5,1,2.5,4.5,0,5.1,2.6,0,4.6,3.1,0,2.5,4.5,0,4.3,2.2,0,4.3,2.2,0,5.3,2.2,0,4.7,2,0,2.5,4.5,1.5,4.5
k17,43,44,schliessen_glasSchublade,2.5,4.5,0,5.5,3.7,0,2.5,4.5,0,5.5,3.7,0,4.7,3.6,0,2.5,4.5,0,2.5,4.5,0,2.5,4.5,0,5.1,2.6,0,4.6,3.1,0,2.5,4.5,0,4.3,2.2,0,4.3,2.2,0,5.3,2.2,0,4.7,2,0,2.5,4.5,1.5,4.5
k17,44,47,offnen_tellerSchublade,2.5,4.5,0,5.5,3.7,0,2.5,4.5,0,5.5,3.7,0,4.7,3.6,0,2.5,4.5,0,2.5,4.5,0,2.5,4.5,0,5.1,2.6,0,4.6,3.1,0,2.5,4.5,0,4.3,2.2,0,4.3,2.2,0,5.3,2.2,0,4.7,2,0,2.5,4.5,1.5,4.5
k17,47,50,fullen_geschirrspuler,2.5,4.5,0,5.5,3.7,1,2.5,4.5,0,5.5,3.7,0,4.7,3.6,0,2.5,4.5,1,2.5,4.5,0,2.5,4.5,0,5.1,2.6,0,4.6,3.1,0,2.5,4.5,0,4.3,2.2,0,4.3,2.2,0,5.3,2.2,0,4.7,2,0,2.5,4.5,1.5,4.5
k17,50,52,offnen_besteckSchublade,2.5,4.5,0,5.5,3.7,0,2.5,4.5,0,5.5,3.7,0,4.7,3.6,0,2.5,4.5,0,2.5,4.5,0,2.5,4.5,0,5.1,2.6,0,4.6,3.1,0,2.5,4.5,0,4.3,2.2,0,4.3,2.2,0,5.3,2.2,0,4.7,2,0,2.5,4.5,1.5,4.5
k17,52,55,fullen_geschirrspuler,2.5,4.5,0,5.5,3.7,0,2.5,4.5,0,5.5,3.7,0,4.7,3.6,0,2.5,4.5,1,2.5,4.5,0,2.5,4.5,0,5.1,2.6,0,4.6,3.1,0,2.5,4.5,0,4.3,2.2,0,4.3,2.2,0,5.3,2.2,0,4.7,2,0,2.5,4.5,1.5,4.5
k17,55,58,nehmen_objekte,3.9,4.1,0,5.5,3.7,0,2.5,4.5,0,5.5,3.7,1,2.5,4.5,0,2.5,4.5,0,2.5,4.5,0,2.5,4.5,0,5.1,2.6,1,2.5,4.5,0,2.5,4.5,0,4.3,2.2,0,4.3,2.2,0,5.3,2.2,0,4.7,2,0,2.5,4.5,1.5,4.5
k17,58,59,schliessen_besteckSchublade,2.5,4.5,0,5.5,3.7,0,2.5,4.5,0,5.5,3.7,0,2.5,4.5,0,2.5,4.5,0,2.5,4.5,0,2.5,4.5,0,5.1,2.6,0,2.5,4.5,0,2.5,4.5,0,4.3,2.2,0,4.3,2.2,0,5.3,2.2,0,4.7,2,0,2.5,4.5,1.5,4.5
k17,59,60,offnen_glasSchublade,2.5,4.5,0,5.5,3.7,0,2.5,4.5,0,5.5,3.7,0,2.5,4.5,0,2.5,4.5,0,2.5,4.5,0,2.5,4.5,0,5.1,2.6,0,2.5,4.5,0,2.5,4.5,0,4.3,2.2,0,4.3,2.2,0,5.3,2.2,0,4.7,2,0,2.5,4.5,1.5,4.5
k17,60,62,fullen_geschirrspuler,2.5,4.5,0,5.5,3.7,0,2.5,4.5,0,5.5,3.7,1,2.5,4.5,0,2.5,4.5,0,1.5,4.5,0,2.5,4.5,0,5.1,2.6,1,2.5,4.5,0,2.5,4.5,0,4.3,2.2,0,4.3,2.2,0,5.3,2.2,0,4.7,2,0,2.5,4.5,1.5,4.5
k17,62,67,nehmen_objekte,3.9,4.1,1,2.5,4.5,0,2.5,4.5,1,2.5,4.5,0,2.5,4.5,0,2.5,4.5,0,1.5,4.5,0,2.5,4.5,0,5.1,2.6,0,2.5,4.5,0,2.5,4.5,0,4.3,2.2,0,4.3,2.2,0,5.3,2.2,0,4.7,2,0,2.5,4.5,1.5,4.5
k17,67,68,fullen_geschirrspuler,2.5,4.5,0,2.5,4.5,0,2.5,4.5,1,2.5,4.5,0,2.5,4.5,0,2.5,4.5,0,1.5,4.5,0,2.5,4.5,0,5.1,2.6,0,2.5,4.5,0,2.5,4.5,0,4.3,2.2,0,4.3,2.2,0,5.3,2.2,0,4.7,2,0,2.5,4.5,1.5,4.5
k17,68,69,offnen_besteckSchublade,2.5,4.5,0,2.5,4.5,0,2.5,4.5,0,2.5,4.5,0,2.5,4.5,0,2.5,4.5,0,1.5,4.5,0,2.5,4.5,0,5.1,2.6,0,2.5,4.5,0,2.5,4.5,0,4.3,2.2,0,4.3,2.2,0,5.3,2.2,0,4.7,2,0,2.5,4.5,1.5,4.5
k17,69,72,fullen_geschirrspuler,2.5,4.5,1,2.5,4.5,0,2.5,4.5,0,2.5,4.5,0,2.5,4.5,0,2.5,4.5,0,1.5,4.5,0,2.5,4.5,0,5.1,2.6,0,2.5,4.5,0,2.5,4.5,0,4.3,2.2,0,4.3,2.2,0,5.3,2.2,0,4.7,2,0,2.5,4.5,1.5,4.5
k17,72,78,nehmen_objekte,3.9,4.1,0,2.5,4.5,0,2.5,4.5,0,2.5,4.5,0,2.5,4.5,0,2.5,4.5,0,1.5,4.5,0,2.5,4.5,0,5.1,2.6,0,2.5,4.5,0,2.5,4.5,1,2.5,4.5,0,4.3,2.2,0,5.3,2.2,0,4.7,2,0,2.5,4.5,1.5,4.5
k17,78,82,fullen_geschirrspuler,2.5,4.5,0,2.5,4.5,0,2.5,4.5,0,2.5,4.5,0,2.5,4.5,0,2.5,4.5,0,1.5,4.5,0,2.5,4.5,0,5.1,2.6,0,2.5,4.5,0,2.5,4.5,1,2.5,4.5,0,4.3,2.2,0,5.3,2.2,0,4.7,2,0,2.5,4.5,1.5,4.5
k17,82,83,schliessen_besteckSchublade,2.5,4.5,0,1.5,4.5,0,2.5,4.5,0,2.5,4.5,0,2.5,4.5,0,2.5,4.5,0,1.5,4.5,0,2.5,4.5,0,5.1,2.6,0,2.5,4.5,0,2.5,4.5,0,1.5,4.5,0,4.3,2.2,0,5.3,2.2,0,4.7,2,0,2.5,4.5,1.5,4.5
k17,83,88,nehmen_objekte,3.9,2.9,0,1.5,4.5,0,2.5,4.5,0,2.5,4.5,0,2.5,4.5,0,2.5,4.5,0,1.5,4.5,0,2.5,4.5,0,5.1,2.6,0,2.5,4.5,0,2.5,4.5,0,1.5,4.5,1,2.5,4.5,0,5.3,2.2,1,2.5,4.5,0,2.5,4.5,1.5,4.5
k17,88,89,fullen_geschirrspuler,2.5,4.5,0,1.5,4.5,0,2.5,4.5,0,2.5,4.5,0,2.5,4.5,0,2.5,4.5,0,1.5,4.5,0,2.5,4.5,0,5.1,2.6,0,2.5,4.5,0,2.5,4.5,0,1.5,4.5,0,2.5,4.5,0,5.3,2.2,1,2.5,4.5,0,2.5,4.5,1.5,4.5
k17,89,90,schliessen_glasSchublade,2.5,4.5,0,1.5,4.5,0,2.5,4.5,0,2.5,4.5,0,1.5,4.5,0,1.5,4.5,0,1.5,4.5,0,2.5,4.5,0,5.1,2.6,0,1.5,4.5,0,1.5,4.5,0,1.5,4.5,0,2.5,4.5,0,5.3,2.2,0,1.5,4.5,0,1.5,4.5,1.5,4.5
k17,90,91,fullen_geschirrspuler,2.5,4.5,0,1.5,4.5,0,2.5,4.5,0,2.5,4.5,0,1.5,4.5,0,1.5,4.5,0,1.5,4.5,0,2.5,4.5,0,5.1,2.6,0,1.5,4.5,0,1.5,4.5,0,1.5,4.5,1,2.5,4.5,0,5.3,2.2,0,1.5,4.5,0,1.5,4.5,1.5,4.5
k17,91,96,nehmen_objekte,3.9,3.7,0,1.5,4.5,0,2.5,4.5,0,2.5,4.5,0,1.5,4.5,0,1.5,4.5,0,1.5,4.5,0,2.5,4.5,1,2.5,4.5,0,1.5,4.5,0,1.5,4.5,0,1.5,4.5,0,2.5,4.5,1,2.5,4.5,0,1.5,4.5,0,1.5,4.5,1.5,4.5
k17,96,98,fullen_geschirrspuler,2.5,4.5,0,1.5,4.5,0,2.5,4.5,0,2.5,4.5,0,1.5,4.5,0,1.5,4.5,0,1.5,4.5,0,2.5,4.5,1,2.5,4.5,0,1.5,4.5,0,1.5,4.5,0,1.5,4.5,0,2.5,4.5,1,2.5,4.5,0,1.5,4.5,0,1.5,4.5,1.5,4.5
k17,98,99,schliessen_tellerSchublade,2.5,4.5,0,1.5,4.5,0,1.5,4.5,0,1.5,4.5,0,1.5,4.5,0,1.5,4.5,0,1.5,4.5,0,1.5,4.5,0,1.5,4.5,0,1.5,4.5,0,1.5,4.5,0,1.5,4.5,0,1.5,4.5,0,1.5,4.5,0,1.5,4.5,0,1.5,4.5,1.5,4.5
k17,99,100,schliessen_geschirrspuler,2.5,4.5,0,1.5,4.5,0,1.5,4.5,0,1.5,4.5,0,1.5,4.5,0,1.5,4.5,0,1.5,4.5,0,1.5,4.5,0,1.5,4.5,0,1.5,4.5,0,1.5,4.5,0,1.5,4.5,0,1.5,4.5,0,1.5,4.5,0,1.5,4.5,0,1.5,4.5,1.5,4.5
k18,0,0,start,2.5,4.5,0,5,3.5,0,5,3.5,0,5.6,3.7,0,5.3,3.5,0,4.8,3.5,0,4.5,3.5,0,4.5,3.5,0,4.1,3.2,0,4.8,3.2,0,4.7,3.2,0,5,2.1,0,4.6,2.5,0,5,2.1,0,4.7,2.9,0,4.6,2.3,1.5,4.5
k18,0,3,offnen_geschirrspuler,2.5,4.5,0,5,3.5,0,5,3.5,0,5.6,3.7,0,5.3,3.5,0,4.8,3.5,0,4.5,3.5,0,4.5,3.5,0,4.1,3.2,0,4.8,3.2,0,4.7,3.2,0,5,2.1,0,4.6,2.5,0,5,2.1,0,4.7,2.9,0,4.6,2.3,1.5,4.5
k18,3,4,offnen_tellerSchublade,3.9,4.1,1,4.1,3.9,1,2.5,4.5,0,5.6,3.7,0,5.3,3.5,0,4.8,3.5,1,4.1,3.9,1,2.5,4.5,0,4.1,3.2,0,4.8,3.2,0,4.7,3.2,1,4.1,3.9,1,2.5,4.5,0,5,2.1,0,4.7,2.9,0,4.6,2.3,1.5,4.5
k18,4,10,nehmen_objekte,2.4,4.5,0,4.1,3.9,1,2.5,4.5,0,5.6,3.7,0,5.3,3.5,0,4.8,3.5,0,4.1,3.9,1,2.5,4.5,0,4.1,3.2,0,4.8,3.2,0,4.7,3.2,0,4.1,3.9,1,2.5,4.5,0,5,2.1,0,4.7,2.9,0,4.6,2.3,1.5,4.5
k18,10,12,fullen_geschirrspuler,2.5,4.5,0,4.1,3.9,0,2.5,4.5,0,5.6,3.7,0,5.3,3.5,0,4.8,3.5,0,4.1,3.9,0,2.5,4.5,0,4.1,3.2,0,4.8,3.2,0,4.7,3.2,0,4.1,3.9,0,2.5,4.5,0,5,2.1,0,4.7,2.9,0,4.6,2.3,1.5,4.5
k18,12,17,nehmen_objekte,3.9,4.1,0,4.1,3.9,0,2.5,4.5,1,2.5,4.5,0,5.3,3.5,0,4.8,3.5,0,4.1,3.9,0,2.5,4.5,1,2.5,4.5,0,4.8,3.2,0,4.7,3.2,0,4.1,3.9,0,2.5,4.5,0,5,2.1,0,4.7,2.9,0,4.6,2.3,1.5,4.5
k18,17,19,fullen_geschirrspuler,2.5,4.5,0,4.1,3.9,0,2.5,4.5,1,2.5,4.5,0,5.3,3.5,0,4.8,3.5,0,4.1,3.9,0,2.5,4.5,1,2.5,4.5,0,4.8,3.2,0,4.7,3.2,0,4.1,3.9,0,2.5,4.5,0,5,2.1,0,4.7,2.9,0,4.6,2.3,1.5,4.5
k18,19,29,nehmen_objekte,3.9,2,0,4.1,3.9,0,2.5,4.5,0,2.5,4.5,0,5.3,3.5,1,2.4,4.5,0,4.1,3.9,0,2.5,4.5,0,2.5,4.5,0,4.8,3.2,1,2.5,4.5,1,4.1,3.9,0,2.5,4.5,1,2.5,4.5,0,4.7,2.9,0,4.6,2.3,1.5,4.5
k18,29,34,fullen_geschirrspuler,2.5,4.5,0,4.1,3.9,0,2.5,4.5,0,2.5,4.5,0,5.3,3.5,0,2.4,4.5,0,4.1,3.9,0,2.5,4.5,0,2.5,4.5,0,4.8,3.2,0,2.5,4.5,0,4.1,3.9,0,2.5,4.5,0,2.5,4.5,0,4.7,2.9,0,4.6,2.3,1.5,4.5
k18,34,42,nehmen_objekte,3.9,2.5,0,4.1,3.9,0,2.5,4.5,0,2.5,4.5,1,2.5,4.5,0,2.4,4.5,1,2.5,4.5,0,2.5,4.5,0,2.5,4.5,0,4.8,3.2,0,2.5,4.5,1,2.5,4.5,0,2.5,4.5,0,2.5,4.5,0,4.7,2.9,0,4.6,2.3,1.5,4.5
k18,42,44,fullen_geschirrspuler,2.5,4.5,0,4.1,3.9,0,2.5,4.5,0,2.5,4.5,0,2.5,4.5,0,2.4,4.5,0,2.5,4.5,0,2.5,4.5,0,2.5,4.5,0,4.8,3.2,0,2.5,4.5,0,2.5,4.5,0,2.5,4.5,0,2.5,4.5,0,4.7,2.9,0,4.6,2.3,1.5,4.5
k18,44,54,nehmen_objekte,3.9,2.3,0,4.1,3.9,0,2.5,4.5,0,2.5,4.5,0,2.5,4.5,0,2.4,4.5,0,2.5,4.5,0,2.5,4.5,0,2.5,4.5,0,4.8,3.2,0,2.5,4.5,0,2.5,4.5,0,2.5,4.5,0,2.5,4.5,0,4.7,2.9,0,4.6,2.3,1.5,4.5
k18,54,56,fullen_geschirrspuler,2.5,4.5,0,4.1,3.9,0,2.5,4.5,0,2.5,4.5,0,2.5,4.5,0,2.4,4.5,0,2.5,4.5,0,2.5,4.5,0,2.5,4.5,0,4.8,3.2,0,2.5,4.5,1,2.5,4.5,0,2.5,4.5,0,2.5,4.5,0,4.7,2.9,1,2.5,4.5,1.5,4.5
k18,56,60,nehmen_objekte,3.9,2.3,1,2.5,4.5,0,2.5,4.5,0,2.5,4.5,0,2.5,4.5,0,2.4,4.5,1,2.5,4.5,0,2.5,4.5,0,2.5,4.5,0,4.8,3.2,0,2.5,4.5,0,2.5,4.5,0,2.5,4.5,0,2.5,4.5,0,4.7,2.9,0,2.5,4.5,1.5,4.5
k18,60,62,fullen_geschirrspuler,2.5,4.5,1,2.5,4.5,0,2.5,4.5,0,2.5,4.5,0,2.5,4.5,0,2.4,4.5,1,2.5,4.5,0,2.5,4.5,0,2.5,4.5,0,4.8,3.2,0,2.5,4.5,0,2.5,4.5,0,2.5,4.5,0,2.5,4.5,0,4.7,2.9,0,2.5,4.5,1.5,4.5
k18,62,63,schliessen_tellerSchublade,2.5,4.5,0,1.5,4.5,0,1.5,4.5,0,1.5,4.5,0,1.5,4.5,0,1.5,4.5,0,1.5,4.5,0,1.5,4.5,0,1.5,4.5,0,1.5,4.5,0,1.5,4.5,0,1.5,4.5,0,1.5,4.5,0,1.5,4.5,0,1.5,4.5,0,1.5,4.5,1.5,4.5
k18,63,64,schliessen_geschirrspuler,2.5,4.5,0,1.5,4.5,0,1.5,4.5,0,1.5,4.5,0,1.5,4.5,0,1.5,4.5,0,1.5,4.5,0,1.5,4.5,0,1.5,4.5,0,1.5,4.5,0,1.5,4.5,0,1.5,4.5,0,1.5,4.5,0,1.5,4.5,0,1.5,4.5,0,1.5,4.5,1.5,4.5
k19,0,0,start,4,4.1,0,5.2,3.8,0,5.2,3.8,0,4.5,3.8,0,5.5,3.2,0,5.2,3.5,0,4.5,3.5,0,4.5,3.5,0,4.2,3.8,0,5.1,3.2,0,5,3.2,0,4.5,2.3,0,4.5,2.3,0,5.3,2,0,5,2.3,0,5,2.1,1.5,4.5
k19,0,2,nehmen_objekte,5,4.1,1,2.5,4.5,1,2.5,4.5,0,4.5,3.8,0,5.5,3.2,0,5.2,3.5,0,4.5,3.5,0,4.5,3.5,0,4.2,3.8,0,5.1,3.2,0,5,3.2,0,4.5,2.3,0,4.5,2.3,0,5.3,2,0,5,2.3,0,5,2.1,1.5,4.5
k19,2,4,offnen_geschirrspuler,2.5,4.5,0,2.5,4.5,0,2.5,4.5,0,4.5,3.8,0,5.5,3.2,0,5.2,3.5,0,4.5,3.5,0,4.5,3.5,0,4.2,3.8,0,5.1,3.2,0,5,3.2,0,4.5,2.3,0,4.5,2.3,0,5.3,2,0,5,2.3,0,5,2.1,1.5,4.5
k19,4,7,offnen_besteckSchublade,2.5,4.5,0,2.5,4.5,0,2.5,4.5,0,4.5,3.8,0,5.5,3.2,0,5.2,3.5,0,4.5,3.5,0,4.5,3.5,0,4.2,3.8,0,5.1,3.2,0,5,3.2,0,4.5,2.3,0,4.5,2.3,0,5.3,2,0,5,2.3,0,5,2.1,1.5,4.5
k19,7,9,fullen_geschirrspuler,2.5,4.5,1,2.5,4.5,0,2.5,4.5,0,4.5,3.8,0,5.5,3.2,0,5.2,3.5,0,4.5,3.5,0,4.5,3.5,0,4.2,3.8,0,5.1,3.2,0,5,3.2,0,4.5,2.3,0,4.5,2.3,0,5.3,2,0,5,2.3,0,5,2.1,1.5,4.5
k19,9,14,fullen_geschirrspuler,2.5,4.5,0,2.5,4.5,1,2.5,4.5,0,4.5,3.8,0,5.5,3.2,0,5.2,3.5,0,4.5,3.5,0,4.5,3.5,0,4.2,3.8,0,5.1,3.2,0,5,3.2,0,4.5,2.3,0,4.5,2.3,0,5.3,2,0,5,2.3,0,5,2.1,1.5,4.5
k19,14,29,nehmen_objekte,4.5,4,0,2.5,4.5,0,2.5,4.5,1,2.5,4.5,0,5.5,3.2,0,5.2,3.5,0,4.5,3.5,0,4.5,3.5,0,4.2,3.8,0,5.1,3.2,0,5,3.2,0,4.5,2.3,0,4.5,2.3,0,5.3,2,0,5,2.3,0,5,2.1,1.5,4.5
k19,29,32,offnen_tellerSchublade,2.5,4.5,0,2.5,4.5,0,2.5,4.5,0,2.5,4.5,0,5.5,3.2,0,5.2,3.5,0,4.5,3.5,0,4.5,3.5,0,4.2,3.8,0,5.1,3.2,0,5,3.2,0,4.5,2.3,0,4.5,2.3,0,5.3,2,0,5,2.3,0,5,2.1,1.5,4.5
k19,32,35,fullen_geschirrspuler,2.5,4.5,0,2.5,4.5,0,2.5,4.5,1,2.5,4.5,0,5.5,3.2,0,5.2,3.5,0,4.5,3.5,0,4.5,3.5,0,4.2,3.8,0,5.1,3.2,0,5,3.2,0,4.5,2.3,0,4.5,2.3,0,5.3,2,0,5,2.3,0,5,2.1,1.5,4.5
k19,35,47,nehmen_objekte,5.1,4,0,2.5,4.5,0,2.5,4.5,0,2.5,4.5,1,2.5,4.5,1,2.5,4.5,0,4.5,3.5,0,4.5,3.5,0,4.2,3.8,0,5.1,3.2,0,5,3.2,0,4.5,2.3,0,4.5,2.3,0,5.3,2,0,5,2.3,0,5,2.1,1.5,4.5
k19,47,49,offnen_glasSchublade,2.5,4.5,0,2.5,4.5,0,2.5,4.5,0,2.5,4.5,0,2.5,4.5,0,2.5,4.5,0,4.5,3.5,0,4.5,3.5,0,4.2,3.8,0,5.1,3.2,0,5,3.2,0,4.5,2.3,0,4.5,2.3,0,5.3,2,0,5,2.3,0,5,2.1,1.5,4.5
k19,49,54,fullen_geschirrspuler,2.5,4.5,0,2.5,4.5,0,2.5,4.5,0,2.5,4.5,1,2.5,4.5,0,2.5,4.5,0,4.5,3.5,0,4.5,3.5,0,4.2,3.8,0,5.1,3.2,0,5,3.2,0,4.5,2.3,0,4.5,2.3,0,5.3,2,0,5,2.3,0,5,2.1,1.5,4.5
k19,54,58,schliessen_glasSchublade,2.5,4.5,0,2.5,4.5,0,2.5,4.5,0,2.5,4.5,0,2.5,4.5,0,2.5,4.5,0,4.5,3.5,0,4.5,3.5,0,4.2,3.8,0,5.1,3.2,0,5,3.2,0,4.5,2.3,0,4.5,2.3,0,5.3,2,0,5,2.3,0,5,2.1,1.5,4.5
k19,58,62,fullen_geschirrspuler,2.5,4.5,0,2.5,4.5,0,2.5,4.5,0,2.5,4.5,0,2.5,4.5,1,2.5,4.5,0,4.5,3.5,0,4.5,3.5,0,4.2,3.8,0,5.1,3.2,0,5,3.2,0,4.5,2.3,0,4.5,2.3,0,5.3,2,0,5,2.3,0,5,2.1,1.5,4.5
k19,62,66,nehmen_objekte,4.2,4,0,2.5,4.5,0,2.5,4.5,0,2.5,4.5,0,2.5,4.5,0,2.5,4.5,0,4.5,3.5,0,4.5,3.5,1,2.5,4.5,0,5.1,3.2,0,5,3.2,0,4.5,2.3,0,4.5,2.3,0,5.3,2,0,5,2.3,0,5,2.1,1.5,4.5
k19,66,68,fullen_geschirrspuler,2.5,4.5,0,2.5,4.5,0,2.5,4.5,0,2.5,4.5,0,2.5,4.5,0,2.5,4.5,0,4.5,3.5,0,4.5,3.5,1,2.5,4.5,0,5.1,3.2,0,5,3.2,0,4.5,2.3,0,4.5,2.3,0,5.3,2,0,5,2.3,0,5,2.1,1.5,4.5
k19,68,77,nehmen_objekte,3.9,4.1,0,2.5,4.5,0,2.5,4.5,0,2.5,4.5,0,2.5,4.5,0,2.5,4.5,1,2.5,4.5,0,4.5,3.5,0,2.5,4.5,0,5.1,3.2,0,5,3.2,0,4.5,2.3,0,4.5,2.3,0,5.3,2,0,5,2.3,0,5,2.1,1.5,4.5
k19,77,79,fullen_geschirrspuler,2.5,4.5,0,2.5,4.5,0,2.5,4.5,0,2.5,4.5,0,2.5,4.5,0,2.5,4.5,1,2.5,4.5,0,4.5,3.5,0,2.5,4.5,0,5.1,3.2,0,5,3.2,0,4.5,2.3,0,4.5,2.3,0,5.3,2,0,5,2.3,0,5,2.1,1.5,4.5
k19,79,85,nehmen_objekte,4.1,3,0,2.5,4.5,0,2.5,4.5,0,2.5,4.5,0,2.5,4.5,0,2.5,4.5,0,2.5,4.5,0,4.5,3.5,0,2.5,4.5,0,5.1,3.2,0,5,3.2,1,2.5,4.5,0,4.5,2.3,0,5.3,2,0,5,2.3,0,5,2.1,1.5,4.5
k19,85,88,fullen_geschirrspuler,2.5,4.5,0,2.5,4.5,0,2.5,4.5,0,2.5,4.5,0,2.5,4.5,0,2.5,4.5,0,2.5,4.5,0,4.5,3.5,0,2.5,4.5,0,5.1,3.2,0,5,3.2,1,2.5,4.5,0,4.5,2.3,0,5.3,2,0,5,2.3,0,5,2.1,1.5,4.5
k19,88,95,nehmen_objekte,4.1,3,0,2.5,4.5,0,2.5,4.5,0,2.5,4.5,0,2.5,4.5,0,2.5,4.5,0,2.5,4.5,0,4.5,3.5,0,2.5,4.5,0,5.1,3.2,0,5,3.2,0,2.5,4.5,0,4.5,2.3,1,2.5,4.5,0,5,2.3,0,5,2.1,1.5,4.5
k19,95,98,fullen_geschirrspuler,2.5,4.5,0,2.5,4.5,0,2.5,4.5,0,2.5,4.5,0,2.5,4.5,0,2.5,4.5,0,2.5,4.5,0,4.5,3.5,0,2.5,4.5,0,5.1,3.2,0,5,3.2,0,2.5,4.5,0,4.5,2.3,0,2.5,4.5,0,5,2.3,0,5,2.1,1.5,4.5
k19,98,104,nehmen_objekte,4.1,3.5,0,2.5,4.5,0,2.5,4.5,0,2.5,4.5,0,2.5,4.5,0,2.5,4.5,0,2.5,4.5,1,2.5,4.5,0,2.5,4.5,0,5.1,3.2,0,5,3.2,0,2.5,4.5,1,2.5,4.5,0,2.5,4.5,0,5,2.3,0,5,2.1,1.5,4.5
k19,104,109,fullen_geschirrspuler,2.5,4.5,0,2.5,4.5,0,2.5,4.5,0,2.5,4.5,0,2.5,4.5,0,2.5,4.5,0,2.5,4.5,1,2.5,4.5,0,2.5,4.5,0,5.1,3.2,0,5,3.2,0,2.5,4.5,1,2.5,4.5,0,2.5,4.5,0,5,2.3,0,5,2.1,1.5,4.5
k19,109,114,nehmen_objekte,4.1,3.5,0,2.5,4.5,0,2.5,4.5,0,2.5,4.5,0,2.5,4.5,0,2.5,4.5,0,2.5,4.5,0,2.5,4.5,0,2.5,4.5,0,5.1,3.2,1,2.5,4.5,0,2.5,4.5,0,2.5,4.5,0,2.5,4.5,0,5,2.3,1,2.5,4.5,1.5,4.5
k19,114,120,fullen_geschirrspuler,2.5,4.5,0,2.5,4.5,0,2.5,4.5,0,2.5,4.5,0,2.5,4.5,0,2.5,4.5,0,2.5,4.5,0,2.5,4.5,0,2.5,4.5,0,5.1,3.2,1,2.5,4.5,0,2.5,4.5,0,2.5,4.5,0,2.5,4.5,0,5,2.3,1,2.5,4.5,1.5,4.5
k19,120,123,nehmen_objekte,4.2,4.1,0,2.5,4.5,0,2.5,4.5,0,2.5,4.5,0,2.5,4.5,0,2.5,4.5,0,2.5,4.5,0,2.5,4.5,0,2.5,4.5,1,2.5,4.5,0,2.5,4.5,0,2.5,4.5,0,2.5,4.5,0,2.5,4.5,1,2.5,4.5,0,2.5,4.5,1.5,4.5
k19,123,127,fullen_geschirrspuler,2.5,4.5,0,2.5,4.5,0,2.5,4.5,0,2.5,4.5,0,2.5,4.5,0,2.5,4.5,0,2.5,4.5,0,2.5,4.5,0,2.5,4.5,1,2.5,4.5,0,2.5,4.5,0,2.5,4.5,0,2.5,4.5,0,2.5,4.5,1,2.5,4.5,0,2.5,4.5,1.5,4.5
k19,127,131,schliessen_tellerSchublade,2.5,4.5,0,2.5,4.5,0,1.5,4.5,0,1.5,4.5,0,1.5,4.5,0,1.5,4.5,0,2.5,4.5,0,1.5,4.5,0,1.5,4.5,0,1.5,4.5,0,1.5,4.5,0,2.5,4.5,0,1.5,4.5,0,1.5,4.5,0,1.5,4.5,0,1.5,4.5,1.5,4.5
k19,131,133,schliessen_besteckSchublade,2.5,4.5,0,1.5,4.5,0,1.5,4.5,0,1.5,4.5,0,1.5,4.5,0,1.5,4.5,0,1.5,4.5,0,1.5,4.5,0,1.5,4.5,0,1.5,4.5,0,1.5,4.5,0,1.5,4.5,0,1.5,4.5,0,1.5,4.5,0,1.5,4.5,0,1.5,4.5,1.5,4.5
k19,133,136,schliessen_geschirrspuler,2.5,4.5,0,1.5,4.5,0,1.5,4.5,0,1.5,4.5,0,1.5,4.5,0,1.5,4.5,0,1.5,4.5,0,1.5,4.5,0,1.5,4.5,0,1.5,4.5,0,1.5,4.5,0,1.5,4.5,0,1.5,4.5,0,1.5,4.5,0,1.5,4.5,0,1.5,4.5,1.5,4.5
k20,0,0,start,4,1.9,0,4.3,3.6,0,4.3,3.6,0,4.3,3.6,0,4.5,3.5,0,4.5,3.7,0,4.2,2.3,0,4.2,2.3,0,4.5,2.6,0,4.6,2.3,0,4.7,3,0,5,2.1,0,5.5,2.2,0,5,2.1,0,5.6,2.4,0,5.4,2.4,1.5,4.5
k20,0,13,nehmen_objekte,4,1.9,0,4.3,3.6,0,4.3,3.6,0,4.3,3.6,0,4.5,3.5,0,4.5,3.7,0,4.2,2.3,0,4.2,2.3,0,4.5,2.6,0,4.6,2.3,0,4.7,3,1,2.5,4.5,0,5.5,2.2,0,5,2.1,0,5.6,2.4,0,5.4,2.4,1.5,4.5
k20,13,14,offnen_geschirrspuler,,,0,4.3,3.6,0,4.3,3.6,0,4.3,3.6,0,4.5,3.5,0,4.5,3.7,0,4.2,2.3,0,4.2,2.3,0,4.5,2.6,0,4.6,2.3,0,4.7,3,0,2.5,4.5,0,5.5,2.2,0,5,2.1,0,5.6,2.4,0,5.4,2.4,1.5,4.5
k20,14,15,offnen_besteckSchublade,,,0,4.3,3.6,0,4.3,3.6,0,4.3,3.6,0,4.5,3.5,0,4.5,3.7,0,4.2,2.3,0,4.2,2.3,0,4.5,2.6,0,4.6,2.3,0,4.7,3,0,2.5,4.5,0,5.5,2.2,0,5,2.1,0,5.6,2.4,0,5.4,2.4,1.5,4.5
k20,15,19,fullen_geschirrspuler,2.5,4.5,0,4.3,3.6,0,4.3,3.6,0,4.3,3.6,0,4.5,3.5,0,4.5,3.7,0,4.2,2.3,0,4.2,2.3,0,4.5,2.6,0,4.6,2.3,0,4.7,3,1,2.5,4.5,0,5.5,2.2,0,5,2.1,0,5.6,2.4,0,5.4,2.4,1.5,4.5
k20,19,25,nehmen_objekte,4,2,0,4.3,3.6,0,4.3,3.6,0,4.3,3.6,0,4.5,3.5,0,4.5,3.7,1,2.5,4.5,0,4.2,2.3,0,4.5,2.6,0,4.6,2.3,0,4.7,3,0,2.5,4.5,0,5.5,2.2,0,5,2.1,0,5.6,2.4,0,5.4,2.4,1.5,4.5
k20,25,28,fullen_geschirrspuler,2.5,4.5,0,4.3,3.6,0,4.3,3.6,0,4.3,3.6,0,4.5,3.5,0,4.5,3.7,1,2.5,4.5,0,4.2,2.3,0,4.5,2.6,0,4.6,2.3,0,4.7,3,0,2.5,4.5,0,5.5,2.2,0,5,2.1,0,5.6,2.4,0,5.4,2.4,1.5,4.5
k20,28,34,nehmen_objekte,4,2,1,2.5,4.5,0,4.3,3.6,0,4.3,3.6,0,4.5,3.5,0,4.5,3.7,0,2.5,4.5,0,4.2,2.3,0,4.5,2.6,0,4.6,2.3,0,4.7,3,0,2.5,4.5,0,5.5,2.2,0,5,2.1,0,5.6,2.4,0,5.4,2.4,1.5,4.5
k20,34,37,fullen_geschirrspuler,2.5,4.5,1,2.5,4.5,0,4.3,3.6,0,4.3,3.6,0,4.5,3.5,0,4.5,3.7,0,2.5,4.5,0,4.2,2.3,0,4.5,2.6,0,4.6,2.3,0,4.7,3,0,2.5,4.5,0,5.5,2.2,0,5,2.1,0,5.6,2.4,0,5.4,2.4,1.5,4.5
k20,37,45,nehmen_objekte,4,2,1,2.5,4.5,0,4.3,3.6,0,4.3,3.6,0,4.5,3.5,0,4.5,3.7,0,2.5,4.5,0,4.2,2.3,0,4.5,2.6,0,4.6,2.3,0,4.7,3,0,2.5,4.5,0,5.5,2.2,0,5,2.1,0,5.6,2.4,0,5.4,2.4,1.5,4.5
k20,45,48,fullen_geschirrspuler,2.5,4.5,1,2.5,4.5,0,4.3,3.6,0,4.3,3.6,0,4.5,3.5,0,4.5,3.7,0,2.5,4.5,0,4.2,2.3,0,4.5,2.6,0,4.6,2.3,0,4.7,3,0,2.5,4.5,0,5.5,2.2,0,5,2.1,0,5.6,2.4,0,5.4,2.4,1.5,4.5
k20,48,57,nehmen_objekte,4,2,0,2.5,4.5,0,4.3,3.6,1,2.5,4.5,0,4.5,3.5,0,4.5,3.7,0,2.5,4.5,0,4.2,2.3,1,2.5,4.5,0,4.6,2.3,0,4.7,3,0,2.5,4.5,0,5.5,2.2,1,2.5,4.5,0,5.6,2.4,0,5.4,2.4,1.5,4.5
k20,57,58,schliessen_besteckSchublade,2.5,4.5,0,1.5,4.5,0,4.3,3.6,0,2.5,4.5,0,4.5,3.5,0,4.5,3.7,0,1.5,4.5,0,4.2,2.3,0,2.5,4.5,0,4.6,2.3,0,4.7,3,0,1.5,4.5,0,5.5,2.2,0,2.5,4.5,0,5.6,2.4,0,5.4,2.4,1.5,4.5
k20,58,59,offnen_tellerSchublade,2.5,4.5,0,1.5,4.5,0,4.3,3.6,0,2.5,4.5,0,4.5,3.5,0,4.5,3.7,0,1.5,4.5,0,4.2,2.3,0,2.5,4.5,0,4.6,2.3,0,4.7,3,0,1.5,4.5,0,5.5,2.2,0,2.5,4.5,0,5.6,2.4,0,5.4,2.4,1.5,4.5
k20,59,64,fullen_geschirrspuler,2.5,4.5,0,1.5,4.5,0,4.3,3.6,1,2.5,4.5,0,4.5,3.5,0,4.5,3.7,0,1.5,4.5,0,4.2,2.3,1,2.5,4.5,0,4.6,2.3,0,4.7,3,0,1.5,4.5,0,5.5,2.2,1,2.5,4.5,0,5.6,2.4,0,5.4,2.4,1.5,4.5
k20,64,70,nehmen_objekte,4,2,0,1.5,4.5,1,2.5,4.5,0,2.5,4.5,0,4.5,3.5,0,4.5,3.7,0,1.5,4.5,1,2.5,4.5,0,2.5,4.5,0,4.6,2.3,0,4.7,3,0,1.5,4.5,1,2.5,4.5,0,2.5,4.5,0,5.6,2.4,0,5.4,2.4,1.5,4.5
k20,70,74,fullen_geschirrspuler,2.5,4.5,0,1.5,4.5,1,2.5,4.5,0,2.5,4.5,0,4.5,3.5,0,4.5,3.7,0,1.5,4.5,1,2.5,4.5,0,2.5,4.5,0,4.6,2.3,0,4.7,3,0,1.5,4.5,1,2.5,4.5,0,2.5,4.5,0,5.6,2.4,0,5.4,2.4,1.5,4.5
k20,74,75,schliessen_tellerSchublade,2.5,4.5,0,1.5,4.5,0,1.5,4.5,0,1.5,4.5,0,4.5,3.5,0,4.5,3.7,0,1.5,4.5,0,1.5,4.5,0,1.5,4.5,0,4.6,2.3,0,4.7,3,0,1.5,4.5,0,1.5,4.5,0,1.5,4.5,0,5.6,2.4,0,5.4,2.4,1.5,4.5
k20,75,79,nehmen_objekte,4,2.2,0,1.5,4.5,0,1.5,4.5,0,1.5,4.5,0,4.5,3.5,1,2.5,4.5,0,1.5,4.5,0,1.5,4.5,0,1.5,4.5,0,4.6,2.3,1,2.5,4.5,0,1.5,4.5,0,1.5,4.5,0,1.5,4.5,0,5.6,2.4,1,2.5,4.5,1.5,4.5
k20,79,81,offnen_glasSchublade,2.5,4.5,0,1.5,4.5,0,1.5,4.5,0,1.5,4.5,0,4.5,3.5,0,2.5,4.5,0,1.5,4.5,0,1.5,4.5,0,1.5,4.5,0,4.6,2.3,0,2.5,4.5,0,1.5,4.5,0,1.5,4.5,0,1.5,4.5,0,5.6,2.4,0,2.5,4.5,1.5,4.5
k20,81,86,fullen_geschirrspuler,2.5,4.5,0,1.5,4.5,0,1.5,4.5,0,1.5,4.5,0,4.5,3.5,1,2.5,4.5,0,1.5,4.5,0,1.5,4.5,0,1.5,4.5,0,4.6,2.3,1,2.5,4.5,0,1.5,4.5,0,1.5,4.5,0,1.5,4.5,0,5.6,2.4,1,2.5,4.5,1.5,4.5
k20,86,93,nehmen_objekte,4,2.2,0,1.5,4.5,0,1.5,4.5,0,1.5,4.5,0,4.5,3.5,0,2.5,4.5,0,1.5,4.5,0,1.5,4.5,0,1.5,4.5,0,4.6,2.3,0,2.5,4.5,0,1.5,4.5,0,1.5,4.5,0,1.5,4.5,0,5.6,2.4,0,2.5,4.5,1.5,4.5
k20,93,96,fullen_geschirrspuler,2.5,4.5,0,1.5,4.5,0,1.5,4.5,0,1.5,4.5,1,2.5,4.5,0,2.5,4.5,0,1.5,4.5,0,1.5,4.5,0,1.5,4.5,1,2.5,4.5,0,2.5,4.5,0,1.5,4.5,0,1.5,4.5,0,1.5,4.5,1,2.5,4.5,0,2.5,4.5,1.5,4.5
k20,96,97,schliessen_glasSchublade,2.5,4.5,0,1.5,4.5,0,1.5,4.5,0,1.5,4.5,1,2.5,4.5,0,2.5,4.5,0,1.5,4.5,0,1.5,4.5,0,1.5,4.5,1,2.5,4.5,0,2.5,4.5,0,1.5,4.5,0,1.5,4.5,0,1.5,4.5,1,2.5,4.5,0,2.5,4.5,1.5,4.5
k20,97,100,schliessen_geschirrspuler,2.5,4.5,0,1.5,4.5,0,1.5,4.5,0,1.5,4.5,0,1.5,4.5,0,2.5,4.5,0,1.5,4.5,0,1.5,4.5,0,1.5,4.5,0,1.5,4.5,0,2.5,4.5,0,1.5,4.5,0,1.5,4.5,0,1.5,4.5,0,1.5,4.5,0,2.5,4.5,1.5,4.5
k21,0,0,start,4,2.1,0,5.1,3.8,0,5.1,3.8,0,5.6,3.8,0,5,3.5,0,5.1,3.5,0,4.2,3.5,0,4.2,3.5,0,4.6,3.5,0,4.2,3.2,0,4.5,3.7,0,4.6,2,0,4.2,2.2,0,4.6,2,0,5,2.2,0,4.2,2.2,1.5,4.5
k21,0,10,nehmen_objekte,4,2.1,0,5.1,3.8,0,5.1,3.8,0,5.6,3.8,0,5,3.5,0,5.1,3.5,0,4.2,3.5,0,4.2,3.5,0,4.6,3.5,0,4.2,3.2,0,4.5,3.7,1,2.5,4.5,0,4.2,2.2,1,2.5,4.5,1,2.5,4.5,0,4.2,2.2,1.5,4.5
k21,10,12,offnen_geschirrspuler,2.5,4.5,0,5.1,3.8,0,5.1,3.8,0,5.6,3.8,0,5,3.5,0,5.1,3.5,0,4.2,3.5,0,4.2,3.5,0,4.6,3.5,0,4.2,3.2,0,4.5,3.7,0,2.5,4.5,0,4.2,2.2,0,2.5,4.5,0,2.5,4.5,0,4.2,2.2,1.5,4.5
k21,12,14,offnen_glasSchublade,2.5,4.5,0,5.1,3.8,0,5.1,3.8,0,5.6,3.8,0,5,3.5,0,5.1,3.5,0,4.2,3.5,0,4.2,3.5,0,4.6,3.5,0,4.2,3.2,0,4.5,3.7,0,2.5,4.5,0,4.2,2.2,0,2.5,4.5,0,2.5,4.5,0,4.2,2.2,1.5,4.5
k21,14,16,fullen_geschirrspuler,2.5,4.5,0,5.1,3.8,0,5.1,3.8,0,5.6,3.8,0,5,3.5,0,5.1,3.5,0,4.2,3.5,0,4.2,3.5,0,4.6,3.5,0,4.2,3.2,0,4.5,3.7,0,2.5,4.5,0,4.2,2.2,0,2.5,4.5,1,2.5,4.5,0,4.2,2.2,1.5,4.5
k21,16,20,offnen_besteckSchublade,2.5,4.5,0,5.1,3.8,0,5.1,3.8,0,5.6,3.8,0,5,3.5,0,5.1,3.5,0,4.2,3.5,0,4.2,3.5,0,4.6,3.5,0,4.2,3.2,0,4.5,3.7,0,2.5,4.5,0,4.2,2.2,0,2.5,4.5,0,2.5,4.5,0,4.2,2.2,1.5,4.5
k21,20,23,fullen_geschirrspuler,2.5,4.5,0,5.1,3.8,0,5.1,3.8,0,5.6,3.8,0,5,3.5,0,5.1,3.5,0,4.2,3.5,0,4.2,3.5,0,4.6,3.5,0,4.2,3.2,0,4.5,3.7,1,2.5,4.5,0,4.2,2.2,0,2.5,4.5,0,2.5,4.5,0,4.2,2.2,1.5,4.5
k21,23,24,schliessen_besteckSchublade,2.5,4.5,0,5.1,3.8,0,5.1,3.8,0,5.6,3.8,0,5,3.5,0,5.1,3.5,0,4.2,3.5,0,4.2,3.5,0,4.6,3.5,0,4.2,3.2,0,4.5,3.7,0,1.5,4.5,0,4.2,2.2,0,2.5,4.5,0,2.5,4.5,0,4.2,2.2,1.5,4.5
k21,24,24,schliessen_glasSchublade,2.5,4.5,0,5.1,3.8,0,5.1,3.8,0,5.6,3.8,0,5,3.5,0,5.1,3.5,0,4.2,3.5,0,4.2,3.5,0,4.6,3.5,0,4.2,3.2,0,4.5,3.7,0,1.5,4.5,0,4.2,2.2,0,2.5,4.5,0,1.5,4.5,0,4.2,2.2,1.5,4.5
k21,24,26,offnen_tellerSchublade,2.5,4.5,0,5.1,3.8,0,5.1,3.8,0,5.6,3.8,0,5,3.5,0,5.1,3.5,0,4.2,3.5,0,4.2,3.5,0,4.6,3.5,0,4.2,3.2,0,4.5,3.7,0,1.5,4.5,0,4.2,2.2,0,2.5,4.5,0,1.5,4.5,0,4.2,2.2,1.5,4.5
k21,26,27,fullen_geschirrspuler,2.5,4.5,0,5.1,3.8,0,5.1,3.8,0,5.6,3.8,0,5,3.5,0,5.1,3.5,0,4.2,3.5,0,4.2,3.5,0,4.6,3.5,0,4.2,3.2,0,4.5,3.7,0,1.5,4.5,0,4.2,2.2,0,1.5,4.5,0,1.5,4.5,0,4.2,2.2,1.5,4.5
k21,27,40,nehmen_objekte,4,2.1,0,5.1,3.8,0,5.1,3.8,0,5.6,3.8,0,5,3.5,0,5.1,3.5,0,4.2,3.5,0,4.2,3.5,0,4.6,3.5,0,4.2,3.2,0,4.5,3.7,0,1.5,4.5,0,4.2,2.2,0,1.5,4.5,0,1.5,4.5,1,2.5,4.5,1.5,4.5
k21,40,41,offnen_glasSchublade,2.5,4.5,0,5.1,3.8,0,5.1,3.8,0,5.6,3.8,0,5,3.5,0,5.1,3.5,0,4.2,3.5,0,4.2,3.5,0,4.6,3.5,0,4.2,3.2,0,4.5,3.7,0,1.5,4.5,0,4.2,2.2,0,1.5,4.5,0,1.5,4.5,0,2.5,4.5,1.5,4.5
k21,41,44,fullen_geschirrspuler,2.5,4.5,0,5.1,3.8,0,5.1,3.8,0,5.6,3.8,0,5,3.5,0,5.1,3.5,0,4.2,3.5,0,4.2,3.5,0,4.6,3.5,0,4.2,3.2,0,4.5,3.7,0,1.5,4.5,0,4.2,2.2,0,1.5,4.5,0,1.5,4.5,1,2.5,4.5,1.5,4.5
k21,44,51,nehmen_objekte,4,2.1,0,5.1,3.8,0,5.1,3.8,0,5.6,3.8,0,5,3.5,0,5.1,3.5,0,4.2,3.5,0,4.2,3.5,1,2.5,4.5,0,4.2,3.2,0,4.5,3.7,0,1.5,4.5,1,2.5,4.5,0,1.5,4.5,0,1.5,4.5,0,2.5,4.5,1.5,4.5
k21,51,52,schliessen_glasSchublade,2.5,4.5,0,5.1,3.8,0,5.1,3.8,0,5.6,3.8,0,5,3.5,0,5.1,3.5,0,4.2,3.5,0,4.2,3.5,0,2.5,4.5,0,1.5,4.5,0,4.5,3.7,0,1.5,4.5,0,2.5,4.5,0,1.5,4.5,0,1.5,4.5,0,2.5,4.5,1.5,4.5
k21,52,61,fullen_geschirrspuler,2.5,4.5,0,5.1,3.8,0,5.1,3.8,0,5.6,3.8,0,5,3.5,0,5.1,3.5,0,4.2,3.5,0,4.2,3.5,1,2.5,4.5,0,1.5,4.5,0,4.5,3.7,0,1.5,4.5,1,2.5,4.5,0,1.5,4.5,0,1.5,4.5,0,2.5,4.5,1.5,4.5
k21,61,65,nehmen_objekte,4,3,0,5.1,3.8,0,5.1,3.8,0,5.6,3.8,0,5,3.5,0,5.1,3.5,1,2.5,4.5,1,2.5,4.5,0,2.5,4.5,1,2.5,4.5,0,4.5,3.7,0,1.5,4.5,0,2.5,4.5,0,1.5,4.5,0,1.5,4.5,0,2.5,4.5,1.5,4.5
k21,65,66,offnen_besteckSchublade,2.5,4.5,0,5.1,3.8,0,5.1,3.8,0,5.6,3.8,0,5,3.5,0,5.1,3.5,0,2.5,4.5,0,2.5,4.5,0,2.5,4.5,0,2.5,4.5,0,4.5,3.7,0,1.5,4.5,0,2.5,4.5,0,1.5,4.5,0,1.5,4.5,0,2.5,4.5,1.5,4.5
k21,66,89,fullen_geschirrspuler,2.5,4.5,0,5.1,3.8,0,5.1,3.8,0,5.6,3.8,0,5,3.5,0,5.1,3.5,1,2.5,4.5,1,2.5,4.5,0,2.5,4.5,1,2.5,4.5,0,4.5,3.7,0,1.5,4.5,0,2.5,4.5,0,1.5,4.5,0,1.5,4.5,0,2.5,4.5,1.5,4.5
k21,89,94,nehmen_objekte,4,3.8,0,5.1,3.8,0,5.1,3.8,0,5.6,3.8,1,2.5,4.5,0,5.1,3.5,0,2.5,4.5,0,2.5,4.5,0,2.5,4.5,0,2.5,4.5,1,2.5,4.5,0,1.5,4.5,0,2.5,4.5,0,1.5,4.5,0,1.5,4.5,0,2.5,4.5,1.5,4.5
k21,94,102,fullen_geschirrspuler,2.5,4.5,0,5.1,3.8,0,5.1,3.8,0,5.6,3.8,1,2.5,4.5,0,5.1,3.5,0,2.5,4.5,0,2.5,4.5,0,2.5,4.5,0,2.5,4.5,1,2.5,4.5,0,1.5,4.5,0,2.5,4.5,0,1.5,4.5,0,1.5,4.5,0,2.5,4.5,1.5,4.5
k21,102,107,nehmen_objekte,4.2,4.1,0,5.1,3.8,0,5.1,3.8,1,2.5,4.5,0,2.5,4.5,1,2.5,4.5,0,2.5,4.5,0,2.5,4.5,0,2.5,4.5,0,2.5,4.5,0,2.5,4.5,0,1.5,4.5,0,2.5,4.5,0,1.5,4.5,0,1.5,4.5,0,2.5,4.5,1.5,4.5
k21,107,119,fullen_geschirrspuler,2.5,4.5,0,5.1,3.8,0,5.1,3.8,0,2.5,4.5,0,2.5,4.5,1,2.5,4.5,0,2.5,4.5,0,2.5,4.5,0,2.5,4.5,0,2.5,4.5,0,2.5,4.5,0,1.5,4.5,0,2.5,4.5,0,1.5,4.5,0,1.5,4.5,0,2.5,4.5,1.5,4.5
k21,119,120,schliessen_glasSchublade,2.5,4.5,0,5.1,3.8,0,5.1,3.8,0,2.5,4.5,0,1.5,4.5,0,1.5,4.5,0,2.5,4.5,0,2.5,4.5,0,2.5,4.5,0,1.5,4.5,0,1.5,4.5,0,1.5,4.5,0,2.5,4.5,0,1.5,4.5,0,1.5,4.5,0,2.5,4.5,1.5,4.5
k21,120,121,fullen_geschirrspuler,2.5,4.5,0,5.1,3.8,0,5.1,3.8,1,2.5,4.5,0,1.5,4.5,0,1.5,4.5,0,2.5,4.5,0,2.5,4.5,0,2.5,4.5,0,1.5,4.5,0,1.5,4.5,0,1.5,4.5,0,2.5,4.5,0,1.5,4.5,0,1.5,4.5,0,2.5,4.5,1.5,4.5
k21,121,125,nehmen_objekte,4.2,4.1,1,2.5,4.5,1,2.5,4.5,0,2.5,4.5,0,1.5,4.5,0,1.5,4.5,0,2.5,4.5,0,2.5,4.5,0,2.5,4.5,0,1.5,4.5,0,1.5,4.5,0,1.5,4.5,0,2.5,4.5,0,1.5,4.5,0,1.5,4.5,0,2.5,4.5,1.5,4.5
k21,125,127,fullen_geschirrspuler,2.5,4.5,1,2.5,4.5,1,2.5,4.5,0,2.5,4.5,0,1.5,4.5,0,1.5,4.5,0,2.5,4.5,0,2.5,4.5,0,2.5,4.5,0,1.5,4.5,0,1.5,4.5,0,1.5,4.5,0,2.5,4.5,0,1.5,4.5,0,1.5,4.5,0,2.5,4.5,1.5,4.5
k21,127,128,schliessen_besteckSchublade,2.5,4.5,0,1.5,4.5,0,2.5,4.5,0,2.5,4.5,0,1.5,4.5,0,1.5,4.5,0,1.5,4.5,0,2.5,4.5,0,2.5,4.5,0,1.5,4.5,0,1.5,4.5,0,1.5,4.5,0,2.5,4.5,0,1.5,4.5,0,1.5,4.5,0,2.5,4.5,1.5,4.5
k21,128,131,schliessen_tellerSchublade,2.5,4.5,0,1.5,4.5,0,1.5,4.5,0,1.5,4.5,0,1.5,4.5,0,1.5,4.5,0,1.5,4.5,0,1.5,4.5,0,1.5,4.5,0,1.5,4.5,0,1.5,4.5,0,1.5,4.5,0,1.5,4.5,0,1.5,4.5,0,1.5,4.5,0,2.5,4.5,1.5,4.5
k21,131,132,schliessen_geschirrspuler,2.5,4.5,0,1.5,4.5,0,1.5,4.5,0,1.5,4.5,0,1.5,4.5,0,1.5,4.5,0,1.5,4.5,0,1.5,4.5,0,1.5,4.5,0,1.5,4.5,0,1.5,4.5,0,1.5,4.5,0,1.5,4.5,0,1.5,4.5,0,1.5,4.5,0,2.5,4.5,1.5,4.5
k22,0,0,start,2.5,4.5,0,5,3.8,0,5,3.8,0,5.2,3.6,0,4.8,3.7,0,4.9,3.5,0,2.5,4.5,0,4.5,2.7,0,4.2,2.2,0,4.2,2.3,0,4.2,2.5,0,5.5,2,0,5.5,2,0,5,2.7,0,5,2.5,0,5,2.7,1.5,4.5
k22,0,2,offnen_geschirrspuler,2.5,4.5,0,5,3.8,0,5,3.8,0,5.2,3.6,0,4.8,3.7,0,4.9,3.5,0,2.5,4.5,0,4.5,2.7,0,4.2,2.2,0,4.2,2.3,0,4.2,2.5,0,5.5,2,0,5.5,2,0,5,2.7,0,5,2.5,0,5,2.7,1.5,4.5
k22,2,7,offnen_besteckSchublade,2.5,4.5,0,5,3.8,0,5,3.8,0,5.2,3.6,0,4.8,3.7,0,4.9,3.5,0,2.5,4.5,0,4.5,2.7,0,4.2,2.2,0,4.2,2.3,0,4.2,2.5,0,5.5,2,0,5.5,2,0,5,2.7,0,5,2.5,0,5,2.7,1.5,4.5
k22,7,11,fullen_geschirrspuler,2.5,4.5,0,5,3.8,0,5,3.8,0,5.2,3.6,0,4.8,3.7,0,4.9,3.5,1,2.5,4.5,0,4.5,2.7,0,4.2,2.2,0,4.2,2.3,0,4.2,2.5,0,5.5,2,0,5.5,2,0,5,2.7,0,5,2.5,0,5,2.7,1.5,4.5
k22,11,17,nehmen_objekte,4.1,4,1,2.5,4.5,0,5,3.8,0,5.2,3.6,0,4.8,3.7,0,4.9,3.5,0,2.5,4.5,0,4.5,2.7,0,4.2,2.2,0,4.2,2.3,0,4.2,2.5,0,5.5,2,0,5.5,2,0,5,2.7,0,5,2.5,0,5,2.7,1.5,4.5
k22,17,22,fullen_geschirrspuler,2.5,4.5,1,2.5,4.5,0,5,3.8,0,5.2,3.6,0,4.8,3.7,0,4.9,3.5,0,2.5,4.5,0,4.5,2.7,0,4.2,2.2,0,4.2,2.3,0,4.2,2.5,0,5.5,2,0,5.5,2,0,5,2.7,0,5,2.5,0,5,2.7,1.5,4.5
k22,22,40,nehmen_objekte,4.1,2,0,2.5,4.5,0,5,3.8,0,5.2,3.6,0,4.8,3.7,0,4.9,3.5,0,2.5,4.5,0,4.5,2.7,0,4.2,2.2,0,4.2,2.3,0,4.2,2.5,1,2.5,4.5,0,5.5,2,0,5,2.7,0,5,2.5,0,5,2.7,1.5,4.5
k22,40,45,fullen_geschirrspuler,2.5,4.5,0,2.5,4.5,0,5,3.8,0,5.2,3.6,0,4.8,3.7,0,4.9,3.5,0,2.5,4.5,0,4.5,2.7,0,4.2,2.2,0,4.2,2.3,0,4.2,2.5,1,2.5,4.5,0,5.5,2,0,5,2.7,0,5,2.5,0,5,2.7,1.5,4.5
k22,45,47,schliessen_besteckSchublade,2.5,4.5,0,1.5,4.5,0,5,3.8,0,5.2,3.6,0,4.8,3.7,0,4.9,3.5,0,1.5,4.5,0,4.5,2.7,0,4.2,2.2,0,4.2,2.3,0,4.2,2.5,0,1.5,4.5,0,5.5,2,0,5,2.7,0,5,2.5,0,5,2.7,1.5,4.5
k22,47,48,offnen_glasSchublade,2.5,4.5,0,1.5,4.5,0,5,3.8,0,5.2,3.6,0,4.8,3.7,0,4.9,3.5,0,1.5,4.5,0,4.5,2.7,0,4.2,2.2,0,4.2,2.3,0,4.2,2.5,0,1.5,4.5,0,5.5,2,0,5,2.7,0,5,2.5,0,5,2.7,1.5,4.5
k22,48,53,nehmen_objekte,4,3,0,1.5,4.5,0,5,3.8,0,5.2,3.6,1,2.5,4.5,0,4.9,3.5,0,1.5,4.5,0,4.5,2.7,0,4.2,2.2,1,2.5,4.5,0,4.2,2.5,0,1.5,4.5,0,5.5,2,0,5,2.7,0,5,2.5,0,5,2.7,1.5,4.5
k22,53,56,fullen_geschirrspuler,2.5,4.5,0,1.5,4.5,0,5,3.8,0,5.2,3.6,1,2.5,4.5,0,4.9,3.5,0,1.5,4.5,0,4.5,2.7,0,4.2,2.2,1,2.5,4.5,0,4.2,2.5,0,1.5,4.5,0,5.5,2,0,5,2.7,0,5,2.5,0,5,2.7,1.5,4.5
k22,56,61,nehmen_objekte,4,3,0,1.5,4.5,0,5,3.8,0,5.2,3.6,0,2.5,4.5,0,4.9,3.5,0,1.5,4.5,0,4.5,2.7,0,4.2,2.2,0,2.5,4.5,0,4.2,2.5,0,1.5,4.5,0,5.5,2,0,5,2.7,1,2.5,4.5,0,5,2.7,1.5,4.5
k22,61,62,fullen_geschirrspuler,2.5,4.5,0,1.5,4.5,0,5,3.8,0,5.2,3.6,0,2.5,4.5,0,4.9,3.5,0,1.5,4.5,0,4.5,2.7,0,4.2,2.2,0,2.5,4.5,0,4.2,2.5,0,1.5,4.5,0,5.5,2,0,5,2.7,1,2.5,4.5,0,5,2.7,1.5,4.5
k22,62,68,nehmen_objekte,4,2.9,0,1.5,4.5,0,5,3.8,0,5.2,3.6,0,2.5,4.5,1,2.5,4.5,0,1.5,4.5,0,4.5,2.7,0,4.2,2.2,0,2.5,4.5,1,2.5,4.5,0,1.5,4.5,0,5.5,2,0,5,2.7,0,2.5,4.5,1,2.5,4.5,1.5,4.5
k22,68,73,fullen_geschirrspuler,2.5,4.5,0,1.5,4.5,0,5,3.8,0,5.2,3.6,0,2.5,4.5,1,2.5,4.5,0,1.5,4.5,0,4.5,2.7,0,4.2,2.2,0,2.5,4.5,1,2.5,4.5,0,1.5,4.5,0,5.5,2,0,5,2.7,0,2.5,4.5,1,2.5,4.5,1.5,4.5
k22,73,74,schliessen_glasSchublade,2.5,4.5,0,1.5,4.5,0,5,3.8,0,5.2,3.6,0,1.5,4.5,0,1.5,4.5,0,1.5,4.5,0,4.5,2.7,0,4.2,2.2,0,1.5,4.5,0,1.5,4.5,0,1.5,4.5,0,5.5,2,0,5,2.7,0,1.5,4.5,0,1.5,4.5,1.5,4.5
k22,74,76,offnen_tellerSchublade,2.5,4.5,0,1.5,4.5,0,5,3.8,0,5.2,3.6,0,1.5,4.5,0,1.5,4.5,0,1.5,4.5,0,4.5,2.7,0,4.2,2.2,0,1.5,4.5,0,1.5,4.5,0,1.5,4.5,0,5.5,2,0,5,2.7,0,1.5,4.5,0,1.5,4.5,1.5,4.5
k22,76,82,nehmen_objekte,4,3,0,1.5,4.5,0,5,3.8,0,5.2,3.6,0,1.5,4.5,0,1.5,4.5,0,1.5,4.5,0,4.5,2.7,1,2.5,4.5,0,1.5,4.5,0,1.5,4.5,0,1.5,4.5,0,5.5,2,1,2.5,4.5,0,1.5,4.5,0,1.5,4.5,1.5,4.5
k22,82,85,fullen_geschirrspuler,2.5,4.5,0,1.5,4.5,0,5,3.8,0,5.2,3.6,0,1.5,4.5,0,1.5,4.5,0,1.5,4.5,0,4.5,2.7,1,2.5,4.5,0,1.5,4.5,0,1.5,4.5,0,1.5,4.5,0,5.5,2,1,2.5,4.5,0,1.5,4.5,0,1.5,4.5,1.5,4.5
k22,85,90,nehmen_objekte,4,2.9,0,1.5,4.5,0,5,3.8,0,5.2,3.6,0,1.5,4.5,0,1.5,4.5,0,1.5,4.5,1,2.5,4.5,0,2.5,4.5,0,1.5,4.5,0,1.5,4.5,0,1.5,4.5,1,2.5,4.5,0,2.5,4.5,0,1.5,4.5,0,1.5,4.5,1.5,4.5
k22,90,97,fullen_geschirrspuler,2.5,4.5,0,1.5,4.5,0,5,3.8,0,5.2,3.6,0,1.5,4.5,0,1.5,4.5,0,1.5,4.5,1,2.5,4.5,0,2.5,4.5,0,1.5,4.5,0,1.5,4.5,0,1.5,4.5,1,2.5,4.5,0,2.5,4.5,0,1.5,4.5,0,1.5,4.5,1.5,4.5
k22,97,101,nehmen_objekte,4,4.1,0,1.5,4.5,1,2.5,4.5,1,2.5,4.5,0,1.5,4.5,0,1.5,4.5,0,1.5,4.5,0,2.5,4.5,0,2.5,4.5,0,1.5,4.5,0,1.5,4.5,0,1.5,4.5,0,2.5,4.5,0,2.5,4.5,0,1.5,4.5,0,1.5,4.5,1.5,4.5
k22,101,104,fullen_geschirrspuler,2.5,4.5,0,1.5,4.5,1,2.5,4.5,1,2.5,4.5,0,1.5,4.5,0,1.5,4.5,0,1.5,4.5,0,2.5,4.5,0,2.5,4.5,0,1.5,4.5,0,1.5,4.5,0,1.5,4.5,0,2.5,4.5,0,2.5,4.5,0,1.5,4.5,0,1.5,4.5,1.5,4.5
k22,104,105,schliessen_tellerSchublade,2.5,4.5,0,1.5,4.5,0,1.5,4.5,0,1.5,4.5,0,1.5,4.5,0,1.5,4.5,0,1.5,4.5,0,1.5,4.5,0,1.5,4.5,0,1.5,4.5,0,1.5,4.5,0,1.5,4.5,0,1.5,4.5,0,1.5,4.5,0,1.5,4.5,0,1.5,4.5,1.5,4.5
k22,105,107,schliessen_geschirrspuler,2.5,4.5,0,1.5,4.5,0,1.5,4.5,0,1.5,4.5,0,1.5,4.5,0,1.5,4.5,0,1.5,4.5,0,1.5,4.5,0,1.5,4.5,0,1.5,4.5,0,1.5,4.5,0,1.5,4.5,0,1.5,4.5,0,1.5,4.5,0,1.5,4.5,0,1.5,4.5,1.5,4.5
k23,0,0,start,4,4.1,0,1.5,4.5,0,1.5,4.5,0,1.5,4.5,0,1.5,4.5,0,1.5,4.5,0,1.5,4.5,0,1.5,4.5,0,1.5,4.5,0,1.5,4.5,0,1.5,4.5,0,1.5,4.5,0,1.5,4.5,0,1.5,4.5,0,1.5,4.5,0,1.5,4.5,1.5,4.5
k23,0,12,nehmen_objekte,4.2,4.1,1,2.5,4.5,0,1.5,4.5,0,1.5,4.5,0,1.5,4.5,0,1.5,4.5,0,1.5,4.5,0,1.5,4.5,0,1.5,4.5,0,1.5,4.5,0,1.5,4.5,0,1.5,4.5,0,1.5,4.5,0,1.5,4.5,0,1.5,4.5,0,1.5,4.5,1.5,4.5
k23,12,13,offnen_geschirrspuler,2.5,4.5,0,2.5,4.5,0,1.5,4.5,0,1.5,4.5,0,1.5,4.5,0,1.5,4.5,0,1.5,4.5,0,1.5,4.5,0,1.5,4.5,0,1.5,4.5,0,1.5,4.5,0,1.5,4.5,0,1.5,4.5,0,1.5,4.5,0,1.5,4.5,0,1.5,4.5,1.5,4.5
k23,13,18,offnen_tellerSchublade,2.5,4.5,0,2.5,4.5,0,1.5,4.5,0,1.5,4.5,0,1.5,4.5,0,1.5,4.5,0,1.5,4.5,0,1.5,4.5,0,1.5,4.5,0,1.5,4.5,0,1.5,4.5,0,1.5,4.5,0,1.5,4.5,0,1.5,4.5,0,1.5,4.5,0,1.5,4.5,1.5,4.5
k23,18,24,offnen_besteckSchublade,2.5,4.5,0,2.5,4.5,0,1.5,4.5,0,1.5,4.5,0,1.5,4.5,0,1.5,4.5,0,1.5,4.5,0,1.5,4.5,0,1.5,4.5,0,1.5,4.5,0,1.5,4.5,0,1.5,4.5,0,1.5,4.5,0,1.5,4.5,0,1.5,4.5,0,1.5,4.5,1.5,4.5
k23,24,27,fullen_geschirrspuler,2.5,4.5,1,2.5,4.5,0,1.5,4.5,0,1.5,4.5,0,1.5,4.5,0,1.5,4.5,0,1.5,4.5,0,1.5,4.5,0,1.5,4.5,0,1.5,4.5,0,1.5,4.5,0,1.5,4.5,0,1.5,4.5,0,1.5,4.5,0,1.5,4.5,0,1.5,4.5,1.5,4.5
k23,27,33,nehmen_objekte,4,3,0,2.5,4.5,0,1.5,4.5,0,1.5,4.5,0,1.5,4.5,0,1.5,4.5,1,2.5,4.5,0,1.5,4.5,0,1.5,4.5,0,1.5,4.5,0,1.5,4.5,1,2.5,4.5,0,1.5,4.5,0,1.5,4.5,0,1.5,4.5,0,1.5,4.5,1.5,4.5
k23,33,36,fullen_geschirrspuler,2.5,4.5,0,2.5,4.5,0,1.5,4.5,0,1.5,4.5,0,1.5,4.5,0,1.5,4.5,1,2.5,4.5,0,1.5,4.5,0,1.5,4.5,0,1.5,4.5,0,1.5,4.5,1,2.5,4.5,0,1.5,4.5,0,1.5,4.5,0,1.5,4.5,0,1.5,4.5,1.5,4.5
k23,36,42,nehmen_objekte,4,3,0,2.5,4.5,1,2.5,4.5,0,1.5,4.5,0,1.5,4.5,0,1.5,4.5,0,2.5,4.5,1,2.5,4.5,0,1.5,4.5,0,1.5,4.5,0,1.5,4.5,0,2.5,4.5,1,2.5,4.5,0,1.5,4.5,0,1.5,4.5,0,1.5,4.5,1.5,4.5
k23,42,47,fullen_geschirrspuler,2.5,4.5,0,2.5,4.5,1,2.5,4.5,0,1.5,4.5,0,1.5,4.5,0,1.5,4.5,0,2.5,4.5,1,2.5,4.5,0,1.5,4.5,0,1.5,4.5,0,1.5,4.5,0,2.5,4.5,1,2.5,4.5,0,1.5,4.5,0,1.5,4.5,0,1.5,4.5,1.5,4.5
k23,47,59,nehmen_objekte,4,3.1,0,2.5,4.5,0,2.5,4.5,0,1.5,4.5,1,2.5,4.5,1,2.5,4.5,0,2.5,4.5,0,2.5,4.5,0,1.5,4.5,1,2.5,4.5,1,2.5,4.5,0,2.5,4.5,0,2.5,4.5,0,1.5,4.5,0,1.5,4.5,1,2.5,4.5,1.5,4.5
k23,59,66,fullen_geschirrspuler,2.5,4.5,0,2.5,4.5,0,2.5,4.5,0,1.5,4.5,1,2.5,4.5,1,2.5,4.5,0,2.5,4.5,0,2.5,4.5,0,1.5,4.5,1,2.5,4.5,1,2.5,4.5,0,2.5,4.5,0,2.5,4.5,0,1.5,4.5,0,1.5,4.5,1,2.5,4.5,1.5,4.5
k23,66,75,nehmen_objekte,4,2.9,0,2.5,4.5,0,2.5,4.5,1,2.5,4.5,0,2.5,4.5,0,2.5,4.5,0,2.5,4.5,0,2.5,4.5,1,2.5,4.5,0,2.5,4.5,0,2.5,4.5,0,2.5,4.5,0,2.5,4.5,1,2.5,4.5,1,2.5,4.5,0,2.5,4.5,1.5,4.5
k23,75,83,fullen_geschirrspuler,2.5,4.5,0,2.5,4.5,0,2.5,4.5,1,2.5,4.5,0,2.5,4.5,0,2.5,4.5,0,2.5,4.5,0,2.5,4.5,1,2.5,4.5,0,2.5,4.5,0,2.5,4.5,0,2.5,4.5,0,2.5,4.5,1,2.5,4.5,1,2.5,4.5,0,2.5,4.5,1.5,4.5
k23,83,87,schliessen_besteckSchublade,2.5,4.5,0,1.5,4.5,0,2.5,4.5,0,2.5,4.5,0,2.5,4.5,0,2.5,4.5,0,1.5,4.5,0,2.5,4.5,0,2.5,4.5,0,2.5,4.5,0,2.5,4.5,0,1.5,4.5,0,2.5,4.5,0,2.5,4.5,0,2.5,4.5,0,2.5,4.5,1.5,4.5
k23,87,89,schliessen_tellerSchublade,2.5,4.5,0,1.5,4.5,0,1.5,4.5,0,1.5,4.5,0,1.5,4.5,0,1.5,4.5,0,1.5,4.5,0,1.5,4.5,0,1.5,4.5,0,1.5,4.5,0,1.5,4.5,0,1.5,4.5,0,1.5,4.5,0,1.5,4.5,0,1.5,4.5,0,1.5,4.5,1.5,4.5
k23,89,92,schliessen_geschirrspuler,2.5,4.5,0,1.5,4.5,0,1.5,4.5,0,1.5,4.5,0,1.5,4.5,0,1.5,4.5,0,1.5,4.5,0,1.5,4.5,0,1.5,4.5,0,1.5,4.5,0,1.5,4.5,0,1.5,4.5,0,1.5,4.5,0,1.5,4.5,0,1.5,4.5,0,1.5,4.5,1.5,4.5
k24,0,0,start,2.5,4.5,0,5,3.8,0,5,3.8,0,5.1,3.6,0,4.9,3.8,0,5.2,3.8,0,4.1,3.6,0,4.1,3.6,0,4.1,3.9,0,4.5,3,0,4.6,3.1,0,4.1,2.2,0,4.1,2.2,0,4.6,2.2,0,4.6,2.1,0,4.3,2.3,1.5,4.5
k24,0,1,offnen_geschirrspuler,2.5,4.5,0,5,3.8,0,5,3.8,0,5.1,3.6,0,4.9,3.8,0,5.2,3.8,0,4.1,3.6,0,4.1,3.6,0,4.1,3.9,0,4.5,3,0,4.6,3.1,0,4.1,2.2,0,4.1,2.2,0,4.6,2.2,0,4.6,2.1,0,4.3,2.3,1.5,4.5
k24,1,4,offnen_tellerSchublade,2.5,4.5,0,5,3.8,0,5,3.8,0,5.1,3.6,0,4.9,3.8,0,5.2,3.8,0,4.1,3.6,0,4.1,3.6,0,4.1,3.9,0,4.5,3,0,4.6,3.1,0,4.1,2.2,0,4.1,2.2,0,4.6,2.2,0,4.6,2.1,0,4.3,2.3,1.5,4.5
k24,4,16,nehmen_objekte,4.1,2.3,1,2.5,4.5,0,5,3.8,0,5.1,3.6,0,4.9,3.8,0,5.2,3.8,0,4.1,3.6,0,4.1,3.6,0,4.1,3.9,0,4.5,3,0,4.6,3.1,0,4.1,2.2,0,4.1,2.2,0,4.6,2.2,0,4.6,2.1,0,4.3,2.3,1.5,4.5
k24,16,19,offnen_besteckSchublade,2.5,4.5,0,2.5,4.5,0,5,3.8,0,5.1,3.6,0,4.9,3.8,0,5.2,3.8,0,4.1,3.6,0,4.1,3.6,0,4.1,3.9,0,4.5,3,0,4.6,3.1,0,4.1,2.2,0,4.1,2.2,0,4.6,2.2,0,4.6,2.1,0,4.3,2.3,1.5,4.5
k24,19,20,fullen_geschirrspuler,2.5,4.5,1,2.5,4.5,0,5,3.8,0,5.1,3.6,0,4.9,3.8,0,5.2,3.8,0,4.1,3.6,0,4.1,3.6,0,4.1,3.9,0,4.5,3,0,4.6,3.1,0,4.1,2.2,0,4.1,2.2,0,4.6,2.2,0,4.6,2.1,0,4.3,2.3,1.5,4.5
k24,20,26,nehmen_objekte,4.1,3.1,0,2.5,4.5,0,5,3.8,0,5.1,3.6,0,4.9,3.8,0,5.2,3.8,1,2.5,4.5,0,4.1,3.6,0,4.1,3.9,0,4.5,3,0,4.6,3.1,0,4.1,2.2,0,4.1,2.2,0,4.6,2.2,0,4.6,2.1,0,4.3,2.3,1.5,4.5
k24,26,29,fullen_geschirrspuler,2.5,4.5,0,2.5,4.5,0,5,3.8,0,5.1,3.6,0,4.9,3.8,0,5.2,3.8,1,2.5,4.5,0,4.1,3.6,0,4.1,3.9,0,4.5,3,0,4.6,3.1,0,4.1,2.2,0,4.1,2.2,0,4.6,2.2,0,4.6,2.1,0,4.3,2.3,1.5,4.5
k24,29,34,nehmen_objekte,4,4.1,0,2.5,4.5,0,5,3.8,0,5.1,3.6,0,4.9,3.8,0,5.2,3.8,0,2.5,4.5,0,4.1,3.6,0,4.1,3.9,0,4.5,3,0,4.6,3.1,1,2.5,4.5,0,4.1,2.2,0,4.6,2.2,0,4.6,2.1,0,4.3,2.3,1.5,4.5
k24,34,37,fullen_geschirrspuler,2.5,4.5,0,2.5,4.5,0,5,3.8,0,5.1,3.6,0,4.9,3.8,0,5.2,3.8,0,2.5,4.5,0,4.1,3.6,0,4.1,3.9,0,4.5,3,0,4.6,3.1,1,2.5,4.5,0,4.1,2.2,0,4.6,2.2,0,4.6,2.1,0,4.3,2.3,1.5,4.5
k24,37,49,schliessen_besteckSchublade,2.5,4.5,0,1.5,4.5,0,5,3.8,0,5.1,3.6,0,4.9,3.8,0,5.2,3.8,0,1.5,4.5,0,4.1,3.6,0,4.1,3.9,0,4.5,3,0,4.6,3.1,0,1.5,4.5,0,4.1,2.2,0,4.6,2.2,0,4.6,2.1,0,4.3,2.3,1.5,4.5
k24,49,55,nehmen_objekte,4,4,0,1.5,4.5,0,5,3.8,0,5.1,3.6,0,4.9,3.8,0,5.2,3.8,0,1.5,4.5,1,2.5,4.5,0,4.1,3.9,0,4.5,3,0,4.6,3.1,0,1.5,4.5,1,2.5,4.5,0,4.6,2.2,0,4.6,2.1,0,4.3,2.3,1.5,4.5
k24,55,61,fullen_geschirrspuler,2.5,4.5,0,1.5,4.5,0,5,3.8,0,5.1,3.6,0,4.9,3.8,0,5.2,3.8,0,1.5,4.5,1,2.5,4.5,0,4.1,3.9,0,4.5,3,0,4.6,3.1,0,1.5,4.5,1,2.5,4.5,0,4.6,2.2,0,4.6,2.1,0,4.3,2.3,1.5,4.5
k24,61,65,nehmen_objekte,4,4,0,1.5,4.5,1,2.5,4.5,0,5.1,3.6,0,4.9,3.8,0,5.2,3.8,0,1.5,4.5,0,2.5,4.5,1,2.5,4.5,0,4.5,3,0,4.6,3.1,0,1.5,4.5,0,2.5,4.5,0,4.6,2.2,0,4.6,2.1,0,4.3,2.3,1.5,4.5
k24,65,69,fullen_geschirrspuler,2.5,4.5,0,1.5,4.5,1,2.5,4.5,0,5.1,3.6,0,4.9,3.8,0,5.2,3.8,0,1.5,4.5,0,2.5,4.5,1,2.5,4.5,0,4.5,3,0,4.6,3.1,0,1.5,4.5,0,2.5,4.5,0,4.6,2.2,0,4.6,2.1,0,4.3,2.3,1.5,4.5
k24,69,75,nehmen_objekte,4,4,0,1.5,4.5,0,2.5,4.5,1,2.5,4.5,0,4.9,3.8,0,5.2,3.8,0,1.5,4.5,0,2.5,4.5,0,2.5,4.5,0,4.5,3,0,4.6,3.1,0,1.5,4.5,0,2.5,4.5,1,2.5,4.5,0,4.6,2.1,0,4.3,2.3,1.5,4.5
k24,75,79,fullen_geschirrspuler,2.5,4.5,0,1.5,4.5,0,2.5,4.5,1,2.5,4.5,0,4.9,3.8,0,5.2,3.8,0,1.5,4.5,0,2.5,4.5,0,2.5,4.5,0,4.5,3,0,4.6,3.1,0,1.5,4.5,0,2.5,4.5,1,2.5,4.5,0,4.6,2.1,0,4.3,2.3,1.5,4.5
k24,79,80,schliessen_tellerSchublade,2.5,4.5,0,1.5,4.5,0,1.5,4.5,0,1.5,4.5,0,4.9,3.8,0,5.2,3.8,0,1.5,4.5,0,1.5,4.5,0,1.5,4.5,0,4.5,3,0,4.6,3.1,0,1.5,4.5,0,1.5,4.5,0,1.5,4.5,0,4.6,2.1,0,4.3,2.3,1.5,4.5
k24,80,82,offnen_glasSchublade,2.5,4.5,0,1.5,4.5,0,1.5,4.5,0,1.5,4.5,0,4.9,3.8,0,5.2,3.8,0,1.5,4.5,0,1.5,4.5,0,1.5,4.5,0,4.5,3,0,4.6,3.1,0,1.5,4.5,0,1.5,4.5,0,1.5,4.5,0,4.6,2.1,0,4.3,2.3,1.5,4.5
k24,82,88,nehmen_objekte,4,2,0,1.5,4.5,0,1.5,4.5,0,1.5,4.5,0,4.9,3.8,0,5.2,3.8,0,1.5,4.5,0,1.5,4.5,0,1.5,4.5,0,4.5,3,0,4.6,3.1,0,1.5,4.5,0,1.5,4.5,0,1.5,4.5,1,2.5,4.5,1,2.5,4.5,1.5,4.5
k24,88,90,fullen_geschirrspuler,2.5,4.5,0,1.5,4.5,0,1.5,4.5,0,1.5,4.5,0,4.9,3.8,0,5.2,3.8,0,1.5,4.5,0,1.5,4.5,0,1.5,4.5,0,4.5,3,0,4.6,3.1,0,1.5,4.5,0,1.5,4.5,0,1.5,4.5,1,2.5,4.5,1,2.5,4.5,1.5,4.5
k24,90,95,nehmen_objekte,4,3.9,0,1.5,4.5,0,1.5,4.5,0,1.5,4.5,1,2.5,4.5,0,5.2,3.8,0,1.5,4.5,0,1.5,4.5,0,1.5,4.5,1,2.5,4.5,0,4.6,3.1,0,1.5,4.5,0,1.5,4.5,0,1.5,4.5,0,2.5,4.5,0,2.5,4.5,1.5,4.5
k24,95,97,fullen_geschirrspuler,2.5,4.5,0,1.5,4.5,0,1.5,4.5,0,1.5,4.5,1,2.5,4.5,0,5.2,3.8,0,1.5,4.5,0,1.5,4.5,0,1.5,4.5,1,2.5,4.5,0,4.6,3.1,0,1.5,4.5,0,1.5,4.5,0,1.5,4.5,0,2.5,4.5,0,2.5,4.5,1.5,4.5
k24,97,103,nehmen_objekte,4,3.9,0,1.5,4.5,0,1.5,4.5,0,1.5,4.5,0,2.5,4.5,1,2.5,4.5,0,1.5,4.5,0,1.5,4.5,0,1.5,4.5,0,2.5,4.5,1,2.5,4.5,0,1.5,4.5,0,1.5,4.5,0,1.5,4.5,0,2.5,4.5,0,2.5,4.5,1.5,4.5
k24,103,105,fullen_geschirrspuler,2.5,4.5,0,1.5,4.5,0,1.5,4.5,0,1.5,4.5,0,2.5,4.5,1,2.5,4.5,0,1.5,4.5,0,1.5,4.5,0,1.5,4.5,0,2.5,4.5,1,2.5,4.5,0,1.5,4.5,0,1.5,4.5,0,1.5,4.5,0,2.5,4.5,0,2.5,4.5,1.5,4.5
k24,105,107,schliessen_glasSchublade,2.5,4.5,0,1.5,4.5,0,1.5,4.5,0,1.5,4.5,0,1.5,4.5,0,1.5,4.5,0,1.5,4.5,0,1.5,4.5,0,1.5,4.5,0,1.5,4.5,0,1.5,4.5,0,1.5,4.5,0,1.5,4.5,0,1.5,4.5,0,1.5,4.5,0,1.5,4.5,1.5,4.5
k24,107,109,schliessen_geschirrspuler,2.5,4.5,0,1.5,4.5,0,1.5,4.5,0,1.5,4.5,0,1.5,4.5,0,1.5,4.5,0,1.5,4.5,0,1.5,4.5,0,1.5,4.5,0,1.5,4.5,0,1.5,4.5,0,1.5,4.5,0,1.5,4.5,0,1.5,4.5,0,1.5,4.5,0,1.5,4.5,1.5,4.5
k25,0,0,start,2,4.5,0,5,3.7,0,5,3.7,0,5,3.7,0,4.8,3.8,0,5,3.7,0,4.2,3.4,0,4.2,3.4,0,4.5,2.9,0,5,3.2,0,4.7,3.2,0,4.2,2.2,0,4.2,2.2,0,4.7,2.2,0,4.4,2.1,0,4.2,2.2,1.5,4.5
k25,0,17,nehmen_objekte,4,2.7,0,5,3.7,0,5,3.7,0,5,3.7,0,4.8,3.8,0,5,3.7,1,2.5,4.5,0,4.2,3.4,0,4.5,2.9,0,5,3.2,0,4.7,3.2,1,2.5,4.5,0,4.2,2.2,0,4.7,2.2,0,4.4,2.1,0,4.2,2.2,1.5,4.5
k25,17,20,offnen_geschirrspuler,2.5,4.5,0,5,3.7,0,5,3.7,0,5,3.7,0,4.8,3.8,0,5,3.7,0,2.5,4.5,0,4.2,3.4,0,4.5,2.9,0,5,3.2,0,4.7,3.2,0,2.5,4.5,0,4.2,2.2,0,4.7,2.2,0,4.4,2.1,0,4.2,2.2,1.5,4.5
k25,20,23,offnen_besteckSchublade,2.5,4.5,0,5,3.7,0,5,3.7,0,5,3.7,0,4.8,3.8,0,5,3.7,0,2.5,4.5,0,4.2,3.4,0,4.5,2.9,0,5,3.2,0,4.7,3.2,0,2.5,4.5,0,4.2,2.2,0,4.7,2.2,0,4.4,2.1,0,4.2,2.2,1.5,4.5
k25,23,30,fullen_geschirrspuler,2.5,4.5,0,5,3.7,0,5,3.7,0,5,3.7,0,4.8,3.8,0,5,3.7,1,2.5,4.5,0,4.2,3.4,0,4.5,2.9,0,5,3.2,0,4.7,3.2,1,2.5,4.5,0,4.2,2.2,0,4.7,2.2,0,4.4,2.1,0,4.2,2.2,1.5,4.5
k25,30,36,nehmen_objekte,4,2.7,1,2.5,4.5,0,5,3.7,0,5,3.7,0,4.8,3.8,0,5,3.7,0,2.5,4.5,0,4.2,3.4,0,4.5,2.9,0,5,3.2,0,4.7,3.2,0,2.5,4.5,0,4.2,2.2,0,4.7,2.2,0,4.4,2.1,0,4.2,2.2,1.5,4.5
k25,36,39,fullen_geschirrspuler,2.5,4.5,0,2.5,4.5,0,5,3.7,0,5,3.7,0,4.8,3.8,0,5,3.7,0,2.5,4.5,0,4.2,3.4,0,4.5,2.9,0,5,3.2,0,4.7,3.2,0,2.5,4.5,0,4.2,2.2,0,4.7,2.2,0,4.4,2.1,0,4.2,2.2,1.5,4.5
k25,39,40,schliessen_besteckSchublade,2.5,4.5,0,1.5,4.5,0,5,3.7,0,5,3.7,0,4.8,3.8,0,5,3.7,0,1.5,4.5,0,4.2,3.4,0,4.5,2.9,0,5,3.2,0,4.7,3.2,0,1.5,4.5,0,4.2,2.2,0,4.7,2.2,0,4.4,2.1,0,4.2,2.2,1.5,4.5
k25,40,45,nehmen_objekte,4,3,0,1.5,4.5,0,5,3.7,0,5,3.7,1,2.5,4.5,0,5,3.7,0,1.5,4.5,0,4.2,3.4,0,4.5,2.9,1,2.5,4.5,0,4.7,3.2,0,1.5,4.5,0,4.2,2.2,0,4.7,2.2,0,4.4,2.1,0,4.2,2.2,1.5,4.5
k25,45,47,offnen_glasSchublade,2.5,4.5,0,1.5,4.5,0,5,3.7,0,5,3.7,0,2.5,4.5,0,5,3.7,0,1.5,4.5,0,4.2,3.4,0,4.5,2.9,0,2.5,4.5,0,4.7,3.2,0,1.5,4.5,0,4.2,2.2,0,4.7,2.2,0,4.4,2.1,0,4.2,2.2,1.5,4.5
k25,47,48,fullen_geschirrspuler,2.5,4.5,0,1.5,4.5,0,5,3.7,0,5,3.7,1,2.5,4.5,0,5,3.7,0,1.5,4.5,0,4.2,3.4,0,4.5,2.9,1,2.5,4.5,0,4.7,3.2,0,1.5,4.5,0,4.2,2.2,0,4.7,2.2,0,4.4,2.1,0,4.2,2.2,1.5,4.5
k25,48,52,nehmen_objekte,4,3,0,1.5,4.5,0,5,3.7,0,5,3.7,0,2.5,4.5,0,5,3.7,0,1.5,4.5,0,4.2,3.4,0,4.5,2.9,0,2.5,4.5,0,4.7,3.2,0,1.5,4.5,0,4.2,2.2,0,4.7,2.2,1,2.5,4.5,0,4.2,2.2,1.5,4.5
k25,52,54,fullen_geschirrspuler,2.5,4.5,0,1.5,4.5,0,5,3.7,0,5,3.7,0,2.5,4.5,0,5,3.7,0,1.5,4.5,0,4.2,3.4,0,4.5,2.9,0,2.5,4.5,0,4.7,3.2,0,1.5,4.5,0,4.2,2.2,0,4.7,2.2,1,2.5,4.5,0,4.2,2.2,1.5,4.5
k25,54,58,nehmen_objekte,4,2.9,0,1.5,4.5,0,5,3.7,0,5,3.7,0,2.5,4.5,1,2.5,4.5,0,1.5,4.5,0,4.2,3.4,0,4.5,2.9,0,2.5,4.5,1,2.5,4.5,0,1.5,4.5,0,4.2,2.2,0,4.7,2.2,0,2.5,4.5,1,2.5,4.5,1.5,4.5
k25,58,60,fullen_geschirrspuler,2.5,4.5,0,1.5,4.5,0,5,3.7,0,5,3.7,0,2.5,4.5,0,2.5,4.5,0,1.5,4.5,0,4.2,3.4,0,4.5,2.9,0,2.5,4.5,0,2.5,4.5,0,1.5,4.5,0,4.2,2.2,0,4.7,2.2,0,2.5,4.5,0,2.5,4.5,1.5,4.5
k25,60,61,schliessen_glasSchublade,2.5,4.5,0,1.5,4.5,0,5,3.7,0,5,3.7,0,1.5,4.5,0,1.5,4.5,0,1.5,4.5,0,4.2,3.4,0,4.5,2.9,0,1.5,4.5,0,1.5,4.5,0,1.5,4.5,0,4.2,2.2,0,4.7,2.2,0,1.5,4.5,0,1.5,4.5,1.5,4.5
k25,61,62,offnen_tellerSchublade,2.5,4.5,0,1.5,4.5,0,5,3.7,0,5,3.7,0,1.5,4.5,0,1.5,4.5,0,1.5,4.5,0,4.2,3.4,0,4.5,2.9,0,1.5,4.5,0,1.5,4.5,0,1.5,4.5,0,4.2,2.2,0,4.7,2.2,0,1.5,4.5,0,1.5,4.5,1.5,4.5
k25,62,64,nehmen_objekte,4,3.8,0,1.5,4.5,0,5,3.7,1,2.5,4.5,0,1.5,4.5,0,1.5,4.5,0,1.5,4.5,1,2.5,4.5,0,4.5,2.9,0,1.5,4.5,0,1.5,4.5,0,1.5,4.5,0,4.2,2.2,0,4.7,2.2,0,1.5,4.5,0,1.5,4.5,1.5,4.5
k25,64,67,fullen_geschirrspuler,2.5,4.5,0,1.5,4.5,0,5,3.7,1,2.5,4.5,0,1.5,4.5,0,1.5,4.5,0,1.5,4.5,1,2.5,4.5,0,4.5,2.9,0,1.5,4.5,0,1.5,4.5,0,1.5,4.5,0,4.2,2.2,0,4.7,2.2,0,1.5,4.5,0,1.5,4.5,1.5,4.5
k25,67,72,nehmen_objekte,4,3,0,1.5,4.5,0,5,3.7,0,2.5,4.5,0,1.5,4.5,0,1.5,4.5,0,1.5,4.5,0,2.5,4.5,1,2.5,4.5,0,1.5,4.5,0,1.5,4.5,0,1.5,4.5,1,2.5,4.5,0,4.7,2.2,0,1.5,4.5,0,1.5,4.5,1.5,4.5
k25,72,73,fullen_geschirrspuler,2.5,4.5,0,1.5,4.5,0,5,3.7,0,2.5,4.5,0,1.5,4.5,0,1.5,4.5,0,1.5,4.5,0,2.5,4.5,1,2.5,4.5,0,1.5,4.5,0,1.5,4.5,0,1.5,4.5,1,2.5,4.5,0,4.7,2.2,0,1.5,4.5,0,1.5,4.5,1.5,4.5
k25,73,77,nehmen_objekte,4,2.9,0,1.5,4.5,1,2.5,4.5,0,2.5,4.5,0,1.5,4.5,0,1.5,4.5,0,1.5,4.5,0,2.5,4.5,0,2.5,4.5,0,1.5,4.5,0,1.5,4.5,0,1.5,4.5,0,2.5,4.5,1,2.5,4.5,0,1.5,4.5,0,1.5,4.5,1.5,4.5
k25,77,79,fullen_geschirrspuler,2.5,4.5,0,1.5,4.5,1,2.5,4.5,0,2.5,4.5,0,1.5,4.5,0,1.5,4.5,0,1.5,4.5,0,2.5,4.5,0,2.5,4.5,0,1.5,4.5,0,1.5,4.5,0,1.5,4.5,0,2.5,4.5,1,2.5,4.5,0,1.5,4.5,0,1.5,4.5,1.5,4.5
k25,79,80,schliessen_tellerSchublade,2.5,4.5,0,1.5,4.5,0,1.5,4.5,0,1.5,4.5,0,1.5,4.5,0,1.5,4.5,0,1.5,4.5,0,1.5,4.5,0,1.5,4.5,0,1.5,4.5,0,1.5,4.5,0,1.5,4.5,0,1.5,4.5,0,1.5,4.5,0,1.5,4.5,0,1.5,4.5,1.5,4.5
k25,80,81,schliessen_geschirrspuler,2.5,4.5,0,1.5,4.5,0,1.5,4.5,0,1.5,4.5,0,1.5,4.5,0,1.5,4.5,0,1.5,4.5,0,1.5,4.5,0,1.5,4.5,0,1.5,4.5,0,1.5,4.5,0,1.5,4.5,0,1.5,4.5,0,1.5,4.5,0,1.5,4.5,0,1.5,4.5,1.5,4.5
